Wavelength(microns),Rplanet/Rstar,source_x_pixel,source_y_pixel,pixel_trace_interpolated
2.59998384,0.1449777777,159,376,True
2.601347493,0.1449777777,160,376,True
2.602711146,0.1449777777,161,376,False
2.6040748,0.1448517723,162,386.5,False
2.605438453,0.1445997614,163,407.5,False
2.606802106,0.1449717774,164,376.5,False
2.60816576,0.1449657772,165,377,False
2.609529413,0.144845772,166,387,False
2.610893066,0.144869773,167,385,False
2.612256719,0.1447377673,168,396,False
2.613620373,0.1447677686,169,393.5,False
2.614984026,0.1447197666,170,397.5,False
2.616347679,0.1449537767,171,378,False
2.617711333,0.145355794,172,344.5,False
2.619074986,0.1452777906,173,351,False
2.620438639,0.1451637857,174,360.5,False
2.621802293,0.1447557681,175,394.5,False
2.623165946,0.1447497679,176,395,False
2.624529599,0.1443297497,177,430,False
2.625893253,0.1443957526,178,424.5,False
2.627256906,0.1445937611,179,408,False
2.628620559,0.1447677686,180,393.5,False
2.629984213,0.1453257927,181,347,False
2.631347866,0.1454037961,182,340.5,False
2.632711519,0.1451637857,183,360.5,False
2.634075172,0.1451337844,184,363,False
2.635438826,0.1448397717,185,387.5,False
2.636802479,0.1442457461,186,437,False
2.638166132,0.1445637598,187,410.5,False
2.639529786,0.1446777647,188,401,False
2.640893439,0.1447257668,189,397,False
2.642257092,0.1444497549,190,420,False
2.643620746,0.1444917567,191,416.5,False
2.644984399,0.1446297627,192,405,False
2.646348052,0.1446897653,193,400,False
2.647711706,0.1442937482,194,433,False
2.649075359,0.1441137404,195,448,False
2.650439012,0.144545759,196,412,False
2.651802666,0.1451037831,197,365.5,False
2.653166319,0.1451517852,198,361.5,False
2.654529972,0.1450617813,199,369,False
2.655893626,0.1452657901,200,352,False
2.657257279,0.1451277842,201,363.5,False
2.658620932,0.1451397847,202,362.5,False
2.659984585,0.1453257927,203,347,False
2.661348239,0.1453677945,204,343.5,False
2.662711892,0.1457218098,205,314,False
2.664075545,0.1459678204,206,293.5,False
2.665439199,0.1462258316,207,272,False
2.666802852,0.1463458368,208,262,False
2.668166505,0.146327836,209,263.5,False
2.669530159,0.146699852,210,232.5,False
2.670893812,0.1467538544,211,228,False
2.672257465,0.1467418539,212,229,False
2.673621119,0.1465678463,213,243.5,False
2.674984772,0.1464358406,214,254.5,False
2.676348425,0.1469458627,215,212,False
2.677712079,0.146861859,216,219,False
2.679075732,0.1462258316,217,272,False
2.680439385,0.1461478282,218,278.5,False
2.681803039,0.1459918215,219,291.5,False
2.683166692,0.1462198313,220,272.5,False
2.684530345,0.1465558458,221,244.5,False
2.685893998,0.1468198572,222,222.5,False
2.687257652,0.1464358406,223,254.5,False
2.688621305,0.1457518111,224,311.5,False
2.689984958,0.1457098093,225,315,False
2.691348612,0.1460218228,226,289,False
2.692712265,0.1465018435,227,249,False
2.694075918,0.1468258575,228,222,False
2.695439572,0.1467418539,229,229,False
2.696803225,0.146513844,230,248,False
2.698166878,0.1462798339,231,267.5,False
2.699530532,0.1460698248,232,285,False
2.700894185,0.1461058264,233,282,False
2.702257838,0.1459258186,234,297,False
2.703621492,0.1461238272,235,280.5,False
2.704985145,0.1462198313,236,272.5,False
2.706348798,0.1461178269,237,281,False
2.707712452,0.1462738337,238,268,False
2.709076105,0.1468978606,239,216,False
2.710439758,0.1465738466,240,243,False
2.711803411,0.1461838298,241,275.5,False
2.713167065,0.1457698119,242,310,False
2.714530718,0.1457818124,243,309,False
2.715894371,0.1459918215,244,291.5,False
2.717258025,0.145865816,245,302,False
2.718621678,0.1455898041,246,325,False
2.719985331,0.1457518111,247,311.5,False
2.721348985,0.1457278101,248,313.5,False
2.722712638,0.1455538026,249,328,False
2.724076291,0.1455838039,250,325.5,False
2.725439945,0.1454757992,251,334.5,False
2.726803598,0.1453737948,252,343,False
2.728167251,0.1454217969,253,339,False
2.729530905,0.1453257927,254,347,False
2.730894558,0.1449957785,255,374.5,False
2.732258211,0.1449117748,256,381.5,False
2.733621864,0.1445097575,257,415,False
2.734985518,0.1445403043,258,412.4545455,True
2.736349171,0.144570851,259,409.9090909,True
2.737712824,0.1446013978,260,407.3636364,True
2.739076478,0.1446319446,261,404.8181818,True
2.740440131,0.1446624914,262,402.2727273,True
2.741803784,0.1446930381,263,399.7272727,True
2.743167438,0.1447235849,264,397.1818182,True
2.744531091,0.1447541317,265,394.6363636,True
2.745894744,0.1447846784,266,392.0909091,True
2.747258398,0.1448152252,267,389.5454545,True
2.748622051,0.144845772,268,387,False
2.749985704,0.1448817736,269,384,False
2.751349358,0.1452297886,270,355,False
2.752713011,0.1452417891,271,354,False
2.754076664,0.1456978088,272,316,False
2.755440318,0.1456618072,273,319,False
2.756803971,0.1454277971,274,338.5,False
2.758167624,0.1449237754,275,380.5,False
2.759531277,0.1450737818,276,368,False
2.760894931,0.1449597769,277,377.5,False
2.762258584,0.1449237754,278,380.5,False
2.763622237,0.1449297756,279,380,False
2.764985891,0.1451277842,280,363.5,False
2.766349544,0.1452717904,281,351.5,False
2.767713197,0.1452897912,282,350,False
2.769076851,0.1452957914,283,349.5,False
2.770440504,0.1453857953,284,342,False
2.771804157,0.1450527809,285,369.75,True
2.773167811,0.1447197666,286,397.5,False
2.774531464,0.1446717645,287,401.5,False
2.775895117,0.1449097748,288,381.6666667,True
2.777258771,0.145147785,289,361.8333333,True
2.778622424,0.1453857953,290,342,False
2.779986077,0.1452057875,291,357,False
2.781349731,0.1454097963,292,340,False
2.782713384,0.1454457979,293,337,False
2.784077037,0.1455238013,294,330.5,False
2.78544069,0.1454757992,295,334.5,False
2.786804344,0.1454817995,296,334,True
2.788167997,0.1454877997,297,333.5,False
2.78953165,0.1452837909,298,350.5,False
2.790895304,0.145193787,299,358,False
2.792258957,0.1454938,300,333,False
2.79362261,0.1452297886,301,355,False
2.794986264,0.145007779,302,373.5,False
2.796349917,0.1448277712,303,388.5,False
2.79771357,0.1448097704,304,390,False
2.799077224,0.1448097704,305,390,False
2.800440877,0.1447557681,306,394.5,False
2.80180453,0.1458958173,307,299.5,False
2.803168184,0.1462198313,308,272.5,False
2.804531837,0.1462618331,309,269,False
2.80589549,0.1457458109,310,312,False
2.807259144,0.1456858083,311,317,False
2.808622797,0.1455793037,312,325.875,True
2.80998645,0.1454727991,313,334.75,True
2.811350103,0.1453662945,314,343.625,True
2.812713757,0.1452597899,315,352.5,False
2.81407741,0.1454157966,316,339.5,False
2.815441063,0.1454697989,317,335,False
2.816804717,0.1456258057,318,322,False
2.81816837,0.1456738077,319,318,False
2.819532023,0.1455838039,320,325.5,False
2.820895677,0.1455838039,321,325.5,False
2.82225933,0.1451607856,322,360.75,True
2.823622983,0.1447377673,323,396,False
2.824986637,0.1454397976,324,337.5,True
2.82635029,0.146141828,325,279,False
2.827713943,0.146327836,326,263.5,False
2.829077597,0.1453407934,327,345.75,True
2.83044125,0.1443537508,328,428,False
2.831804903,0.1447347672,329,396.25,True
2.833168557,0.1451157837,330,364.5,False
2.83453221,0.1451277842,331,363.5,True
2.835895863,0.1451397847,332,362.5,False
2.837259516,0.1452657901,333,352,False
2.83862317,0.1452657901,334,352,False
2.839986823,0.1454217969,335,339,False
2.841350476,0.1454157966,336,339.5,False
2.84271413,0.1453977958,337,341,False
2.844077783,0.1452057875,338,357,False
2.845441436,0.1452357888,339,354.5,False
2.84680509,0.1451637857,340,360.5,False
2.848168743,0.1450857824,341,367,False
2.849532396,0.1451427848,342,362.25,True
2.85089605,0.1451997873,343,357.5,True
2.852259703,0.1452567897,344,352.75,True
2.853623356,0.1453137922,345,348,False
2.85498701,0.1454397976,346,337.5,False
2.856350663,0.1454757992,347,334.5,False
2.857714316,0.1449957785,348,374.5,True
2.859077969,0.1445157577,349,414.5,False
2.860441623,0.1447677686,350,393.5,False
2.861805276,0.144521758,351,414,False
2.863168929,0.1447097661,352,398.3333333,True
2.864532583,0.1448977742,353,382.6666667,True
2.865896236,0.1450857824,354,367,False
2.867259889,0.1447737689,355,393,False
2.868623543,0.1445757603,356,409.5,False
2.869987196,0.1444917567,357,416.5,False
2.871350849,0.1452267884,358,355.25,True
2.872714503,0.1459618202,359,294,False
2.874078156,0.1458358147,360,304.5,False
2.875441809,0.145286791,361,350.25,True
2.876805463,0.1447377673,362,396,False
2.878169116,0.1447497679,363,395,False
2.879532769,0.1447437676,364,395.5,False
2.880896423,0.1446657642,365,402,True
2.882260076,0.1445877609,366,408.5,True
2.883623729,0.1445097575,367,415,True
2.884987382,0.1444317541,368,421.5,False
2.886351036,0.1444197536,369,422.5,False
2.887714689,0.1444137533,370,423,False
2.889078342,0.1444077531,371,423.5,False
2.890441996,0.1451037831,372,365.5,False
2.891805649,0.1450977829,373,366,False
2.893169302,0.1450797821,374,367.5,True
2.894532956,0.1450617813,375,369,True
2.895896609,0.1450437805,376,370.5,True
2.897260262,0.1450257798,377,372,True
2.898623916,0.145007779,378,373.5,True
2.899987569,0.1449897782,379,375,False
2.901351222,0.1449657772,380,377,False
2.902714876,0.1445577596,381,411,False
2.904078529,0.1443177492,382,431,False
2.905442182,0.1451217839,383,364,False
2.906805836,0.1452297886,384,355,True
2.908169489,0.1453377932,385,346,False
2.909533142,0.1453377932,386,346,False
2.910896795,0.1444437546,387,420.5,False
2.912260449,0.1441797432,388,442.5,False
2.913624102,0.1441377414,389,446,False
2.914987755,0.1440837391,390,450.5,False
2.916351409,0.1439697342,391,460,False
2.917715062,0.144011736,392,456.5,False
2.919078715,0.1442097445,393,440,False
2.920442369,0.1442517463,394,436.5,False
2.921806022,0.14433575,395,429.5,False
2.923169675,0.1443117489,396,431.5,False
2.924533329,0.1444197536,397,422.5,False
2.925896982,0.1434897135,398,500,False
2.927260635,0.1435137145,399,498,False
2.928624289,0.1442037443,400,440.5,False
2.929987942,0.1449477764,401,378.5,False
2.931351595,0.1445697601,402,410,True
2.932715249,0.1441917438,403,441.5,True
2.934078902,0.1438137274,404,473,True
2.935442555,0.1434357111,405,504.5,False
2.936806208,0.1434357111,406,504.5,False
2.938169862,0.1438197277,407,472.5,False
2.939533515,0.1438197277,408,472.5,False
2.940897168,0.1438577293,409,469.3333333,True
2.942260822,0.143895731,410,466.1666667,True
2.943624475,0.1439337326,411,463,False
2.944988128,0.143825728,412,472,False
2.946351782,0.144707766,413,398.5,False
2.947715435,0.1447977699,414,391,False
2.949079088,0.144545759,415,412,False
2.950442742,0.144197744,416,441,False
2.951806395,0.1443327498,417,429.75,True
2.953170048,0.1444677557,418,418.5,False
2.954533702,0.1444557552,419,419.5,False
2.955897355,0.1443057487,420,432,False
2.957261008,0.1444257539,421,422,True
2.958624661,0.144545759,422,412,False
2.959988315,0.1445937611,423,408,False
2.961351968,0.1444707558,424,418.25,True
2.962715621,0.1443477505,425,428.5,False
2.964079275,0.1443477505,426,428.5,False
2.965442928,0.1434417114,427,504,False
2.966806581,0.14433575,428,429.5,False
2.968170235,0.1443537508,429,428,False
2.969533888,0.1443237495,430,430.5,False
2.970897541,0.1443417502,431,429,False
2.972261195,0.1442682471,432,435.125,True
2.973624848,0.1441947439,433,441.25,True
2.974988501,0.1441212407,434,447.375,True
2.976352155,0.1440477375,435,453.5,False
2.977715808,0.1439997355,436,457.5,False
2.979079461,0.1439217321,437,464,False
2.980443115,0.1439697342,438,460,True
2.981806768,0.1440177362,439,456,True
2.983170421,0.1440657383,440,452,True
2.984534074,0.1441137404,441,448,True
2.985897728,0.1441617425,442,444,True
2.987261381,0.1442097445,443,440,False
2.988625034,0.1439817347,444,459,False
2.989988688,0.144011736,445,456.5,False
2.991352341,0.1440057357,446,457,False
2.992715994,0.1440657383,447,452,False
2.994079648,0.1441437417,448,445.5,False
2.995443301,0.1433337067,449,513,False
2.996806954,0.1434997139,450,499.1666667,True
2.998170608,0.143665721,451,485.3333333,True
2.999534261,0.1438317282,452,471.5,False
3.000897914,0.1438197277,453,472.5,False
3.002261568,0.1435857176,454,492,False
3.003625221,0.1441227408,455,447.25,True
3.004988874,0.144659764,456,402.5,False
3.006352528,0.1446537637,457,403,False
3.007716181,0.1443237495,458,430.5,False
3.009079834,0.1442247452,459,438.75,True
3.010443487,0.1441257409,460,447,False
3.011807141,0.1440897394,461,450,True
3.013170794,0.1440537378,462,453,True
3.014534447,0.1440177362,463,456,True
3.015898101,0.1439817347,464,459,True
3.017261754,0.1439457331,465,462,True
3.018625407,0.1439097316,466,465,False
3.019989061,0.143987735,467,458.5,False
3.021352714,0.1439997355,468,457.5,False
3.022716367,0.1439157318,469,464.5,False
3.024080021,0.1437417243,470,479,False
3.025443674,0.1437537248,471,478,True
3.026807327,0.1437657254,472,477,False
3.028170981,0.1437657254,473,477,False
3.029534634,0.1437597251,474,477.5,False
3.030898287,0.143987735,475,458.5,False
3.032261941,0.1438977311,476,466,False
3.033625594,0.1437357241,477,479.5,False
3.034989247,0.1437237236,478,480.5,False
3.0363529,0.1441857435,479,442,False
3.037716554,0.1440537378,480,453,False
3.039080207,0.1441137404,481,448,True
3.04044386,0.144173743,482,443,False
3.041807514,0.1433457072,483,512,False
3.043171167,0.1437177233,484,481,False
3.04453482,0.1439697342,485,460,False
3.045898474,0.1439697342,486,460,False
3.047262127,0.1439577337,487,461,True
3.04862578,0.1439457331,488,462,False
3.049989434,0.1438537292,489,469.6666667,True
3.051353087,0.1437617252,490,477.3333333,True
3.05271674,0.1436697212,491,485,False
3.054080394,0.1438617295,492,469,False
3.055444047,0.1447317671,493,396.5,False
3.0568077,0.144173743,494,443,False
3.058171353,0.1439617338,495,460.6666667,True
3.059535007,0.1437497247,496,478.3333333,True
3.06089866,0.1435377155,497,496,False
3.062262313,0.1435782173,498,492.625,True
3.063625967,0.143618719,499,489.25,True
3.06498962,0.1436592208,500,485.875,True
3.066353273,0.1436997225,501,482.5,False
3.067716927,0.143711723,502,481.5,False
3.06908058,0.1437297238,503,480,False
3.070444233,0.1436517204,504,486.5,True
3.071807887,0.1435737171,505,493,True
3.07317154,0.1434957137,506,499.5,False
3.074535193,0.1436157189,507,489.5,False
3.075898847,0.1436517204,508,486.5,False
3.0772625,0.1434297109,509,505,False
3.078626153,0.1435357154,510,496.1666667,True
3.079989807,0.14364172,511,487.3333333,True
3.08135346,0.1437477246,512,478.5,False
3.082717113,0.1437537248,513,478,False
3.084080766,0.1437432244,514,478.875,True
3.08544442,0.1437327239,515,479.75,True
3.086808073,0.1437222235,516,480.625,True
3.088171726,0.143711723,517,481.5,False
3.08953538,0.1437177233,518,481,False
3.090899033,0.1433697083,519,510,False
3.092262686,0.1434273108,520,505.2,True
3.09362634,0.1434849132,521,500.4,True
3.094989993,0.1435425157,522,495.6,True
3.096353646,0.1436001182,523,490.8,True
3.0977173,0.1436577207,524,486,False
3.099080953,0.1435377155,525,496,False
3.100444606,0.143663721,526,485.5,False
3.10180826,0.1435617166,527,494,False
3.103171913,0.1435677168,528,493.5,False
3.104535566,0.143687722,529,483.5,False
3.10589922,0.1438077272,530,473.5,False
3.107262873,0.1435617166,531,494,False
3.108626526,0.1435437158,532,495.5,False
3.109990179,0.1438077272,533,473.5,True
3.111353833,0.1440717386,534,451.5,False
3.112717486,0.1435737171,535,493,False
3.114081139,0.1435707169,536,493.25,True
3.115444793,0.1435677168,537,493.5,True
3.116808446,0.1435647167,538,493.75,True
3.118172099,0.1435617166,539,494,False
3.119535753,0.1435557163,540,494.5,True
3.120899406,0.143549716,541,495,False
3.122263059,0.1434857133,542,500.3333333,True
3.123626713,0.1434217105,543,505.6666667,True
3.124990366,0.1433577078,544,511,False
3.126354019,0.1433277065,545,513.5,False
3.127717673,0.143456712,546,502.75,True
3.129081326,0.1435857176,547,492,True
3.130444979,0.1437147232,548,481.25,True
3.131808633,0.1438437287,549,470.5,False
3.133172286,0.143849729,550,470,False
3.134535939,0.1432797044,551,517.5,False
3.135899592,0.1433217062,552,514,False
3.137263246,0.1433457072,553,512,False
3.138626899,0.1436817217,554,484,False
3.139990552,0.144383752,555,425.5,False
3.141354206,0.1438917308,556,466.5,False
3.142717859,0.1438017269,557,474,False
3.144081512,0.143849729,558,470,True
3.145445166,0.1438977311,559,466,True
3.146808819,0.1439457331,560,462,False
3.148172472,0.1441077401,561,448.5,False
3.149536126,0.1440597381,562,452.5,False
3.150899779,0.1436577207,563,486,False
3.152263432,0.1437327239,564,479.75,True
3.153627086,0.1438077272,565,473.5,False
3.154990739,0.14387373,566,468,False
3.156354392,0.1438617295,567,469,False
3.157718045,0.1437177233,568,481,True
3.159081699,0.1435737171,569,493,False
3.160445352,0.1434737128,570,501.3333333,True
3.161809005,0.1433737084,571,509.6666667,True
3.163172659,0.1432737041,572,518,False
3.164536312,0.1432737041,573,518,False
3.165899965,0.1433337067,574,513,False
3.167263619,0.1435767172,575,492.75,True
3.168627272,0.1438197277,576,472.5,True
3.169990925,0.1440627382,577,452.25,True
3.171354579,0.1443057487,578,432,False
3.172718232,0.1443117489,579,431.5,False
3.174081885,0.1441497419,580,445,False
3.175445539,0.1439487333,581,461.75,True
3.176809192,0.1437477246,582,478.5,True
3.178172845,0.1435467159,583,495.25,True
3.179536499,0.1433457072,584,512,False
3.180900152,0.1433337067,585,513,False
3.182263805,0.143501714,586,499,False
3.183627458,0.1434957137,587,499.5,False
3.184991112,0.1434177103,588,506,True
3.186354765,0.143339707,589,512.5,False
3.187718418,0.143339707,590,512.5,False
3.189082072,0.1433077056,591,515.1666667,True
3.190445725,0.1432757042,592,517.8333333,True
3.191809378,0.1432437028,593,520.5,False
3.193173032,0.1433037054,594,515.5,False
3.194536685,0.1436607208,595,485.75,True
3.195900338,0.1440177362,596,456,False
3.197263992,0.1442517463,597,436.5,False
3.198627645,0.1442397458,598,437.5,False
3.199991298,0.1437357241,599,479.5,False
3.201354952,0.1443957526,600,424.5,False
3.202718605,0.1445397588,601,412.5,False
3.204082258,0.143663721,602,485.5,False
3.205445912,0.1437753258,603,476.2,True
3.206809565,0.1438869306,604,466.9,True
3.208173218,0.1439985354,605,457.6,True
3.209536871,0.1441101402,606,448.3,True
3.210900525,0.1442217451,607,439,False
3.212264178,0.1445997614,608,407.5,False
3.213627831,0.1445037572,609,415.5,False
3.214991485,0.1436517204,610,486.5,False
3.216355138,0.143525715,611,497,True
3.217718791,0.1433997096,612,507.5,True
3.219082445,0.1432737041,613,518,False
3.220446098,0.1434177103,614,506,False
3.221809751,0.1436817217,615,484,True
3.223173405,0.1439457331,616,462,False
3.224537058,0.1439577337,617,461,False
3.225900711,0.1436787216,618,484.25,True
3.227264365,0.1433997096,619,507.5,False
3.228628018,0.1434057098,620,507,False
3.229991671,0.1433837089,621,508.8333333,True
3.231355325,0.1433617079,622,510.6666667,True
3.232718978,0.143339707,623,512.5,False
3.234082631,0.1433457072,624,512,False
3.235446284,0.1433277065,625,513.5,False
3.236809938,0.1433217062,626,514,False
3.238173591,0.1437687255,627,476.75,True
3.239537244,0.1442157448,628,439.5,False
3.240900898,0.1440597381,629,452.5,False
3.242264551,0.144011736,630,456.5,False
3.243628204,0.144011736,631,456.5,False
3.244991858,0.144011736,632,456.5,False
3.246355511,0.1441917438,633,441.5,False
3.247719164,0.1441917438,634,441.5,False
3.249082818,0.144011736,635,456.5,True
3.250446471,0.1438317282,636,471.5,False
3.251810124,0.1437645253,637,477.1,True
3.253173778,0.1436973224,638,482.7,True
3.254537431,0.1436301195,639,488.3,True
3.255901084,0.1435629166,640,493.9,True
3.257264737,0.1434957137,641,499.5,False
3.258628391,0.1435077142,642,498.5,False
3.259992044,0.1440477375,643,453.5,False
3.261355697,0.1438237279,644,472.1666667,True
3.262719351,0.1435997182,645,490.8333333,True
3.264083004,0.1433757085,646,509.5,False
3.265446657,0.1433997096,647,507.5,False
3.266810311,0.1435167146,648,497.75,True
3.268173964,0.1436337197,649,488,False
3.269537617,0.1436277194,650,488.5,False
3.270901271,0.1435557163,651,494.5,True
3.272264924,0.1434837132,652,500.5,False
3.273628577,0.1436325196,653,488.1,True
3.274992231,0.143781326,654,475.7,True
3.276355884,0.1439301325,655,463.3,True
3.277719537,0.1440789389,656,450.9,True
3.279083191,0.1442277453,657,438.5,False
3.280446844,0.1441557422,658,444.5,False
3.281810497,0.1438937309,659,466.3333333,True
3.28317415,0.1436317196,660,488.1666667,True
3.284537804,0.1433697083,661,510,False
3.285901457,0.1434117101,662,506.5,False
3.28726511,0.1433607079,663,510.75,True
3.288628764,0.1433097057,664,515,False
3.289992417,0.1432857046,665,517,False
3.29135607,0.1433357068,666,512.8333333,True
3.292719724,0.143385709,667,508.6666667,True
3.294083377,0.1434357111,668,504.5,True
3.29544703,0.1434857133,669,500.3333333,True
3.296810684,0.1435357154,670,496.1666667,True
3.298174337,0.1435857176,671,492,False
3.29953799,0.1435437158,672,495.5,False
3.300901644,0.1434417114,673,504,False
3.302265297,0.1434857133,674,500.3333333,True
3.30362895,0.1435297152,675,496.6666667,True
3.304992604,0.1435737171,676,493,False
3.306356257,0.1435917179,677,491.5,False
3.30771991,0.1437057228,678,482,False
3.309083563,0.1437057228,679,482,False
3.310447217,0.1437147232,680,481.25,True
3.31181087,0.1437237236,681,480.5,False
3.313174523,0.1437837261,682,475.5,False
3.314538177,0.1440747387,683,451.25,True
3.31590183,0.1443657513,684,427,True
3.317265483,0.1446567638,685,402.75,True
3.318629137,0.1449477764,686,378.5,False
3.31999279,0.1450797821,687,367.5,False
3.321356443,0.1445277583,688,413.5,True
3.322720097,0.1439757344,689,459.5,False
3.32408375,0.14387373,690,468,False
3.325447403,0.1438677298,691,468.5,False
3.326811057,0.1438617295,692,469,False
3.32817471,0.1438077272,693,473.5,True
3.329538363,0.1437537248,694,478,False
3.330902017,0.1437499065,695,478.3181818,True
3.33226567,0.1437460882,696,478.6363636,True
3.333629323,0.1437422698,697,478.9545455,True
3.334992976,0.1437384515,698,479.2727273,True
3.33635663,0.1437346331,699,479.5909091,True
3.337720283,0.1437308148,700,479.9090909,True
3.339083936,0.1437269964,701,480.2272727,True
3.34044759,0.1437231781,702,480.5454545,True
3.341811243,0.1437193597,703,480.8636364,True
3.343174896,0.1437155414,704,481.1818182,True
3.34453855,0.143711723,705,481.5,False
3.345902203,0.1441017399,706,449,False
3.347265856,0.1439337326,707,463,False
3.34862951,0.143827728,708,471.8333333,True
3.349993163,0.1437217235,709,480.6666667,True
3.351356816,0.1436157189,710,489.5,False
3.35272047,0.1436337197,711,488,False
3.354084123,0.1436217191,712,489,True
3.355447776,0.1436097186,713,490,True
3.356811429,0.1435977181,714,491,True
3.358175083,0.1435857176,715,492,False
3.359538736,0.143525715,716,497,False
3.360902389,0.1439577337,717,461,False
3.362266043,0.1439757344,718,459.5,False
3.363629696,0.1436277194,719,488.5,True
3.364993349,0.1432797044,720,517.5,False
3.366357003,0.1432857046,721,517,False
3.367720656,0.1433967094,722,507.75,True
3.369084309,0.1435077142,723,498.5,True
3.370447963,0.143618719,724,489.25,True
3.371811616,0.1437297238,725,480,False
3.373175269,0.1437297238,726,480,False
3.374538923,0.1437297238,727,480,False
3.375902576,0.1436577207,728,486,False
3.377266229,0.1436097186,729,490,False
3.378629883,0.1435617166,730,494,False
3.379993536,0.1435617166,731,494,False
3.381357189,0.1437087229,732,481.75,True
3.382720842,0.1438557293,733,469.5,False
3.384084496,0.1437162232,734,481.125,True
3.385448149,0.1435767172,735,492.75,True
3.386811802,0.1434372112,736,504.375,True
3.388175456,0.1432977052,737,516,False
3.389539109,0.1433277065,738,513.5,False
3.390902762,0.1433577078,739,511,False
3.392266416,0.1433954237,740,507.8571429,True
3.393630069,0.1434331396,741,504.7142857,True
3.394993722,0.1434708555,742,501.5714286,True
3.396357376,0.1435085714,743,498.4285714,True
3.397721029,0.1435462873,744,495.2857143,True
3.399084682,0.1435840032,745,492.1428571,True
3.400448336,0.1436217191,746,489,False
3.401811989,0.1436337197,747,488,True
3.403175642,0.1436457202,748,487,True
3.404539296,0.1436577207,749,486,True
3.405902949,0.1436697212,750,485,False
3.407266602,0.1437477246,751,478.5,False
3.408630255,0.1439457331,752,462,False
3.409993909,0.1439337326,753,463,False
3.411357562,0.1436667211,754,485.25,True
3.412721215,0.1433997096,755,507.5,False
3.414084869,0.1433697083,756,510,False
3.415448522,0.1434117101,757,506.5,True
3.416812175,0.1434537119,758,503,True
3.418175829,0.1434957137,759,499.5,False
3.419539482,0.1434177103,760,506,False
3.420903135,0.1434177103,761,506,False
3.422266789,0.1434927136,762,499.75,True
3.423630442,0.1435677168,763,493.5,True
3.424994095,0.1436427201,764,487.25,True
3.426357749,0.1437177233,765,481,False
3.427721402,0.1438137274,766,473,False
3.429085055,0.1437597251,767,477.5,False
3.430448709,0.1437097229,768,481.6666667,True
3.431812362,0.1436597208,769,485.8333333,True
3.433176015,0.1436097186,770,490,False
3.434539668,0.1436397199,771,487.5,False
3.435903322,0.1435737171,772,493,True
3.437266975,0.1435077142,773,498.5,True
3.438630628,0.1434417114,774,504,True
3.439994282,0.1433757085,775,509.5,True
3.441357935,0.1433097057,776,515,False
3.442721588,0.1433097057,777,515,False
3.444085242,0.1432857046,778,517,False
3.445448895,0.1433197061,779,514.1666667,True
3.446812548,0.1433537076,780,511.3333333,True
3.448176202,0.143387709,781,508.5,True
3.449539855,0.1434217105,782,505.6666667,True
3.450903508,0.143455712,783,502.8333333,True
3.452267162,0.1434897135,784,500,True
3.453630815,0.1435237149,785,497.1666667,True
3.454994468,0.1435577164,786,494.3333333,True
3.456358121,0.1435917179,787,491.5,False
3.457721775,0.1435917179,788,491.5,False
3.459085428,0.1435437158,789,495.5,True
3.460449081,0.1434957137,790,499.5,True
3.461812735,0.1434477116,791,503.5,True
3.463176388,0.1433997096,792,507.5,True
3.464540041,0.1433517075,793,511.5,True
3.465903695,0.1433037054,794,515.5,True
3.467267348,0.1432557033,795,519.5,False
3.468631001,0.1432677039,796,518.5,False
3.469994655,0.1432800794,797,517.46875,True
3.471358308,0.1432924549,798,516.4375,True
3.472721961,0.1433048305,799,515.40625,True
3.474085615,0.143317206,800,514.375,True
3.475449268,0.1433295815,801,513.34375,True
3.476812921,0.1433419571,802,512.3125,True
3.478176575,0.1433543326,803,511.28125,True
3.479540228,0.1433667081,804,510.25,True
3.480903881,0.1433790837,805,509.21875,True
3.482267534,0.1433914592,806,508.1875,True
3.483631188,0.1434038347,807,507.15625,True
3.484994841,0.1434162103,808,506.125,True
3.486358494,0.1434285858,809,505.09375,True
3.487722148,0.1434409613,810,504.0625,True
3.489085801,0.1434533369,811,503.03125,True
3.490449454,0.1434657124,812,502,False
3.491813108,0.1434777129,813,501,False
3.493176761,0.1434645874,814,502.09375,True
3.494540414,0.1434514618,815,503.1875,True
3.495904068,0.1434383362,816,504.28125,True
3.497267721,0.1434252107,817,505.375,True
3.498631374,0.1434120851,818,506.46875,True
3.499995028,0.1433989595,819,507.5625,True
3.501358681,0.143385834,820,508.65625,True
3.502722334,0.1433727084,821,509.75,True
3.504085988,0.1433595828,822,510.84375,True
3.505449641,0.1433464573,823,511.9375,True
3.506813294,0.1433333317,824,513.03125,True
3.508176947,0.1433202061,825,514.125,True
3.509540601,0.1433070806,826,515.21875,True
3.510904254,0.143293955,827,516.3125,True
3.512267907,0.1432808294,828,517.40625,True
3.513631561,0.1432677039,829,518.5,False
3.514995214,0.1432677039,830,518.5,False
3.516358867,0.143363708,831,510.5,True
3.517722521,0.1434597122,832,502.5,False
3.519086174,0.1434597122,833,502.5,False
3.520449827,0.1434428023,834,503.9090909,True
3.521813481,0.1434258925,835,505.3181818,True
3.523177134,0.1434089827,836,506.7272727,True
3.524540787,0.1433920729,837,508.1363636,True
3.525904441,0.1433751631,838,509.5454545,True
3.527268094,0.1433582532,839,510.9545455,True
3.528631747,0.1433413434,840,512.3636364,True
3.529995401,0.1433244336,841,513.7727273,True
3.531359054,0.1433075238,842,515.1818182,True
3.532722707,0.1432906139,843,516.5909091,True
3.53408636,0.1432737041,844,518,False
3.535450014,0.1432497031,845,520,False
3.536813667,0.1433937093,846,508,False
3.53817732,0.1433937093,847,508,False
3.539540974,0.1433880248,848,508.4736842,True
3.540904627,0.1433823404,849,508.9473684,True
3.54226828,0.1433766559,850,509.4210526,True
3.543631934,0.1433709715,851,509.8947368,True
3.544995587,0.143365287,852,510.3684211,True
3.54635924,0.1433596026,853,510.8421053,True
3.547722894,0.1433539181,854,511.3157895,True
3.549086547,0.1433482337,855,511.7894737,True
3.5504502,0.1433425492,856,512.2631579,True
3.551813854,0.1433368647,857,512.7368421,True
3.553177507,0.1433311803,858,513.2105263,True
3.55454116,0.1433254958,859,513.6842105,True
3.555904813,0.1433198114,860,514.1578947,True
3.557268467,0.1433141269,861,514.6315789,True
3.55863212,0.1433084425,862,515.1052632,True
3.559995773,0.143302758,863,515.5789474,True
3.561359427,0.1432970736,864,516.0526316,True
3.56272308,0.1432913891,865,516.5263158,True
3.564086733,0.1432857046,866,517,False
3.565450387,0.1432857046,867,517,False
3.56681404,0.1432557033,868,519.5,False
3.568177693,0.1432377026,869,521,False
3.569541347,0.1433037054,870,515.5,False
3.570905,0.1433817088,871,509,False
3.572268653,0.1433577078,872,511,False
3.573632307,0.1433157059,873,514.5,False
3.57499596,0.1432797044,874,517.5,False
3.576359613,0.1432917049,875,516.5,False
3.577723267,0.1433077056,876,515.1666667,True
3.57908692,0.1433237063,877,513.8333333,True
3.580450573,0.143339707,878,512.5,True
3.581814226,0.1433557077,879,511.1666667,True
3.58317788,0.1433717084,880,509.8333333,True
3.584541533,0.143387709,881,508.5,False
3.585905186,0.1433937093,882,508,False
3.58726884,0.1433881706,883,508.4615385,True
3.588632493,0.1433826319,884,508.9230769,True
3.589996146,0.1433770932,885,509.3846154,True
3.5913598,0.1433715545,886,509.8461538,True
3.592723453,0.1433660158,887,510.3076923,True
3.594087106,0.1433604771,888,510.7692308,True
3.59545076,0.1433549384,889,511.2307692,True
3.596814413,0.1433493997,890,511.6923077,True
3.598178066,0.143343861,891,512.1538462,True
3.59954172,0.1433383223,892,512.6153846,True
3.600905373,0.1433327836,893,513.0769231,True
3.602269026,0.1433272449,894,513.5384615,True
3.60363268,0.1433217062,895,514,False
3.604996333,0.1432977052,896,516,False
3.606359986,0.1432857046,897,517,False
3.607723639,0.1433234206,898,513.8571429,True
3.609087293,0.1433611365,899,510.7142857,True
3.610450946,0.1433988524,900,507.5714286,True
3.611814599,0.1434365683,901,504.4285714,True
3.613178253,0.1434742842,902,501.2857143,True
3.614541906,0.1435120001,903,498.1428571,True
3.615905559,0.143549716,904,495,False
3.617269213,0.1435269151,905,496.9,True
3.618632866,0.1435041141,906,498.8,True
3.619996519,0.1434813131,907,500.7,True
3.621360173,0.1434585121,908,502.6,True
3.622723826,0.1434357111,909,504.5,False
3.624087479,0.1434297109,910,505,False
3.625451133,0.1434357111,911,504.5,False
3.626814786,0.143501714,912,499,False
3.628178439,0.1435677168,913,493.5,False
3.629542093,0.1434807131,914,500.75,True
3.630905746,0.1433937093,915,508,False
3.632269399,0.1433997096,916,507.5,False
3.633633052,0.1434237106,917,505.5,False
3.634996706,0.1434267107,918,505.25,True
3.636360359,0.1434297109,919,505,True
3.637724012,0.143432711,920,504.75,True
3.639087666,0.1434357111,921,504.5,True
3.640451319,0.1434387112,922,504.25,True
3.641814972,0.1434417114,923,504,False
3.643178626,0.1434297109,924,505,False
3.644542279,0.1434357111,925,504.5,True
3.645905932,0.1434417114,926,504,True
3.647269586,0.1434477116,927,503.5,True
3.648633239,0.1434537119,928,503,True
3.649996892,0.1434597122,929,502.5,True
3.651360546,0.1434657124,930,502,True
3.652724199,0.1434717127,931,501.5,True
3.654087852,0.1434777129,932,501,True
3.655451505,0.1434837132,933,500.5,True
3.656815159,0.1434897135,934,500,True
3.658178812,0.1434957137,935,499.5,True
3.659542465,0.143501714,936,499,True
3.660906119,0.1435077142,937,498.5,True
3.662269772,0.1435137145,938,498,True
3.663633425,0.1435197147,939,497.5,True
3.664997079,0.143525715,940,497,False
3.666360732,0.1435132145,941,498.0416667,True
3.667724385,0.1435007139,942,499.0833333,True
3.669088039,0.1434882134,943,500.125,True
3.670451692,0.1434757128,944,501.1666667,True
3.671815345,0.1434632123,945,502.2083333,True
3.673178999,0.1434507118,946,503.25,True
3.674542652,0.1434382112,947,504.2916667,True
3.675906305,0.1434257107,948,505.3333333,True
3.677269959,0.1434132101,949,506.375,True
3.678633612,0.1434007096,950,507.4166667,True
3.679997265,0.1433882091,951,508.4583333,True
3.681360918,0.1433757085,952,509.5,False
3.682724572,0.1433697083,953,510,False
3.684088225,0.1433817088,954,509,False
3.685451878,0.143363708,955,510.5,True
3.686815532,0.1433457072,956,512,True
3.688179185,0.1433277065,957,513.5,True
3.689542838,0.1433097057,958,515,True
3.690906492,0.1432917049,959,516.5,True
3.692270145,0.1432737041,960,518,False
3.693633798,0.1432797044,961,517.5,False
3.694997452,0.1432903715,962,516.6111111,True
3.696361105,0.1433010386,963,515.7222222,True
3.697724758,0.1433117058,964,514.8333333,True
3.699088412,0.1433223729,965,513.9444444,True
3.700452065,0.14333304,966,513.0555556,True
3.701815718,0.1433437071,967,512.1666667,True
3.703179372,0.1433543743,968,511.2777778,True
3.704543025,0.1433650414,969,510.3888889,True
3.705906678,0.1433757085,970,509.5,False
3.707270331,0.1433817088,971,509,False
3.708633985,0.1433817088,972,509,False
3.709997638,0.1433457072,973,512,False
3.711361291,0.1433337067,974,513,False
3.712724945,0.1433817088,975,509,False
3.714088598,0.1433457072,976,512,False
3.715452251,0.1433097057,977,515,False
3.716815905,0.1433337067,978,513,False
3.718179558,0.1434417114,979,504,False
3.719543211,0.1434297109,980,505,False
3.720906865,0.1432977052,981,516,False
3.722270518,0.1432797044,982,517.5,False
3.723634171,0.1432857046,983,517,False
3.724997825,0.1432977052,984,516,False
3.726361478,0.1432737041,985,518,False
3.727725131,0.143363708,986,510.5,False
3.729088785,0.1434657124,987,502,False
3.730452438,0.1434357111,988,504.5,False
3.731816091,0.143363708,989,510.5,False
3.733179744,0.1433757085,990,509.5,False
3.734543398,0.1433457072,991,512,False
3.735907051,0.1433277065,992,513.5,False
3.737270704,0.1432737041,993,518,False
3.738634358,0.1432677039,994,518.5,False
3.739998011,0.1433517075,995,511.5,False
3.741361664,0.1434117101,996,506.5,False
3.742725318,0.1433457072,997,512,False
3.744088971,0.1433097057,998,515,False
3.745452624,0.1433217062,999,514,False
3.746816278,0.1433157059,1000,514.5,False
3.748179931,0.1432737041,1001,518,False
3.749543584,0.1432977052,1002,516,False
3.750907238,0.1433277065,1003,513.5,False
3.752270891,0.1433157059,1004,514.5,False
3.753634544,0.143387709,1005,508.5,False
3.754998197,0.1433457072,1006,512,False
3.756361851,0.1432857046,1007,517,False
3.757725504,0.1432917049,1008,516.5,False
3.759089157,0.1432977052,1009,516,False
3.760452811,0.1433757085,1010,509.5,False
3.761816464,0.1433817088,1011,509,False
3.763180117,0.1432617036,1012,519,False
3.764543771,0.1432797044,1013,517.5,False
3.765907424,0.143387709,1014,508.5,False
3.767271077,0.143387709,1015,508.5,False
3.768634731,0.1433217062,1016,514,False
3.769998384,0.1433157059,1017,514.5,False
3.771362037,0.1433277065,1018,513.5,False
3.772725691,0.1433097057,1019,515,False
3.774089344,0.1433037054,1020,515.5,False
3.775452997,0.1432617036,1021,519,False
3.776816651,0.1432617036,1022,519,False
3.778180304,0.1433097057,1023,515,False
3.779543957,0.1433517075,1024,511.5,False
3.78090761,0.1433217062,1025,514,False
3.782271264,0.1433097057,1026,515,False
3.783634917,0.1433217062,1027,514,False
3.78499857,0.1433937093,1028,508,False
3.786362224,0.1434237106,1029,505.5,False
3.787725877,0.1433817088,1030,509,False
3.78908953,0.1433277065,1031,513.5,False
3.790453184,0.1433337067,1032,513,False
3.791816837,0.1433817088,1033,509,False
3.79318049,0.1433997096,1034,507.5,False
3.794544144,0.1433157059,1035,514.5,False
3.795907797,0.1432677039,1036,518.5,False
3.79727145,0.1432677039,1037,518.5,False
3.798635104,0.1432917049,1038,516.5,False
3.799998757,0.143339707,1039,512.5,False
3.80136241,0.143339707,1040,512.5,False
3.802726064,0.1433037054,1041,515.5,False
3.804089717,0.1432857046,1042,517,False
3.80545337,0.1433037054,1043,515.5,False
3.806817023,0.1432977052,1044,516,False
3.808180677,0.1433577078,1045,511,False
3.80954433,0.1433457072,1046,512,False
3.810907983,0.1432857046,1047,517,False
3.812271637,0.1432797044,1048,517.5,False
3.81363529,0.1432917049,1049,516.5,False
3.814998943,0.1433157059,1050,514.5,False
3.816362597,0.1433217062,1051,514,False
3.81772625,0.1432437028,1052,520.5,False
3.819089903,0.1432425028,1053,520.6,True
3.820453557,0.1432413027,1054,520.7,True
3.82181721,0.1432401027,1055,520.8,True
3.823180863,0.1432389026,1056,520.9,True
3.824544517,0.1432377026,1057,521,False
3.82590817,0.1432557033,1058,519.5,False
3.827271823,0.1432437028,1059,520.5,False
3.828635477,0.1432437028,1060,520.5,True
3.82999913,0.1432437028,1061,520.5,False
3.831362783,0.1432677039,1062,518.5,False
3.832726436,0.1432527032,1063,519.75,True
3.83409009,0.1432377026,1064,521,False
3.835453743,0.1432377026,1065,521,False
3.836817396,0.1432557033,1066,519.5,False
3.83818105,0.1432557033,1067,519.5,False
3.839544703,0.1432377026,1068,521,False
3.840908356,0.1432437028,1069,520.5,False
3.84227201,0.1432737041,1070,518,False
3.843635663,0.1432737041,1071,518,False
3.844999316,0.1432737041,1072,518,False
3.84636297,0.1432737041,1073,518,False
3.847726623,0.1432617036,1074,519,True
3.849090276,0.1432497031,1075,520,True
3.85045393,0.1432377026,1076,521,False
3.851817583,0.1432512032,1077,519.875,True
3.853181236,0.1432647037,1078,518.75,True
3.854544889,0.1432782043,1079,517.625,True
3.855908543,0.1432917049,1080,516.5,False
3.857272196,0.1432977052,1081,516,False
3.858635849,0.1432857046,1082,517,False
3.859999503,0.143339707,1083,512.5,False
3.861363156,0.1433450405,1084,512.0555556,True
3.862726809,0.1433503741,1085,511.6111111,True
3.864090463,0.1433557077,1086,511.1666667,True
3.865454116,0.1433610412,1087,510.7222222,True
3.866817769,0.1433663748,1088,510.2777778,True
3.868181423,0.1433717084,1089,509.8333333,True
3.869545076,0.1433770419,1090,509.3888889,True
3.870908729,0.1433823755,1091,508.9444444,True
3.872272383,0.143387709,1092,508.5,False
3.873636036,0.1433367068,1093,512.75,True
3.874999689,0.1432857046,1094,517,False
3.876363343,0.1432677039,1095,518.5,False
3.877726996,0.1432677039,1096,518.5,False
3.879090649,0.143339707,1097,512.5,False
3.880454302,0.1433457072,1098,512,True
3.881817956,0.1433517075,1099,511.5,True
3.883181609,0.1433577078,1100,511,False
3.884545262,0.1433532076,1101,511.375,True
3.885908916,0.1433487074,1102,511.75,True
3.887272569,0.1433442072,1103,512.125,True
3.888636222,0.143339707,1104,512.5,False
3.889999876,0.1433337067,1105,513,True
3.891363529,0.1433277065,1106,513.5,True
3.892727182,0.1433217062,1107,514,True
3.894090836,0.1433157059,1108,514.5,True
3.895454489,0.1433097057,1109,515,True
3.896818142,0.1433037054,1110,515.5,True
3.898181796,0.1432977052,1111,516,True
3.899545449,0.1432917049,1112,516.5,True
3.900909102,0.1432857046,1113,517,True
3.902272756,0.1432797044,1114,517.5,False
3.903636409,0.1432771328,1115,517.7142857,True
3.905000062,0.1432745613,1116,517.9285714,True
3.906363715,0.1432719898,1117,518.1428571,True
3.907727369,0.1432694182,1118,518.3571429,True
3.909091022,0.1432668467,1119,518.5714286,True
3.910454675,0.1432642751,1120,518.7857143,True
3.911818329,0.1432617036,1121,519,False
3.913181982,0.1432557033,1122,519.5,False
3.914545635,0.1432437028,1123,520.5,False
3.915909289,0.1432497031,1124,520,False
3.917272942,0.1432557033,1125,519.5,False
3.918636595,0.1432737041,1126,518,False
3.920000249,0.1432977052,1127,516,False
3.921363902,0.1433097057,1128,515,False
3.922727555,0.1433071341,1129,515.2142857,True
3.924091209,0.1433045626,1130,515.4285714,True
3.925454862,0.1433019911,1131,515.6428571,True
3.926818515,0.1432994195,1132,515.8571429,True
3.928182169,0.143296848,1133,516.0714286,True
3.929545822,0.1432942764,1134,516.2857143,True
3.930909475,0.1432917049,1135,516.5,True
3.932273128,0.1432891334,1136,516.7142857,True
3.933636782,0.1432865618,1137,516.9285714,True
3.935000435,0.1432839903,1138,517.1428571,True
3.936364088,0.1432814187,1139,517.3571429,True
3.937727742,0.1432788472,1140,517.5714286,True
3.939091395,0.1432762757,1141,517.7857143,True
3.940455048,0.1432737041,1142,518,False
3.941818702,0.1432737041,1143,518,False
3.943182355,0.1432917049,1144,516.5,False
3.944546008,0.1432737041,1145,518,False
3.945909662,0.1433157059,1146,514.5,True
3.947273315,0.1433577078,1147,511,False
3.948636968,0.1433577078,1148,511,False
3.950000622,0.1433097057,1149,515,False
3.951364275,0.1433937093,1150,508,False
3.952727928,0.1434537119,1151,503,False
3.954091581,0.1434357111,1152,504.5,False
3.955455235,0.1434237106,1153,505.5,False
3.956818888,0.1434657124,1154,502,False
3.958182541,0.1434777129,1155,501,False
3.959546195,0.1435437158,1156,495.5,True
3.960909848,0.1436097186,1157,490,True
3.962273501,0.1436757215,1158,484.5,True
3.963637155,0.1437417243,1159,479,False
3.965000808,0.1437497247,1160,478.3333333,True
3.966364461,0.143757725,1161,477.6666667,True
3.967728115,0.1437657254,1162,477,False
3.969091768,0.143780726,1163,475.75,True
3.970455421,0.1437957267,1164,474.5,True
3.971819075,0.1438107273,1165,473.25,True
3.973182728,0.143825728,1166,472,False
3.974546381,0.1438577293,1167,469.3333333,True
3.975910035,0.1438897307,1168,466.6666667,True
3.977273688,0.1439217321,1169,464,False
3.978637341,0.1439174462,1170,464.3571429,True
3.980000994,0.1439131603,1171,464.7142857,True
3.981364648,0.1439088744,1172,465.0714286,True
3.982728301,0.1439045885,1173,465.4285714,True
3.984091954,0.1439003026,1174,465.7857143,True
3.985455608,0.1438960167,1175,466.1428571,True
3.986819261,0.1438917308,1176,466.5,False
3.988182914,0.1439517334,1177,461.5,False
3.989546568,0.1438937309,1178,466.3333333,True
3.990910221,0.1438357284,1179,471.1666667,True
3.992273874,0.1437777259,1180,476,True
3.993637528,0.1437197234,1181,480.8333333,True
3.995001181,0.1436617209,1182,485.6666667,True
3.996364834,0.1436037184,1183,490.5,False
3.997728488,0.1436817217,1184,484,True
3.999092141,0.1437597251,1185,477.5,True
4.000455794,0.1438377285,1186,471,True
4.001819448,0.1439157318,1187,464.5,False
4.003183101,0.144011736,1188,456.5,False
4.004546754,0.144035737,1189,454.5,False
4.005910407,0.1439697342,1190,460,False
4.007274061,0.1438917308,1191,466.5,False
4.008637714,0.1438377285,1192,471,False
4.010001367,0.1438137274,1193,473,False
4.011365021,0.1438017269,1194,474,False
4.012728674,0.1438557293,1195,469.5,False
4.014092327,0.1439277324,1196,463.5,False
4.015455981,0.1439112316,1197,464.875,True
4.016819634,0.1438947309,1198,466.25,True
4.018183287,0.1438782302,1199,467.625,True
4.019546941,0.1438617295,1200,469,False
4.020910594,0.1439277324,1201,463.5,False
4.022274247,0.1438837305,1202,467.1666667,True
4.023637901,0.1438397286,1203,470.8333333,True
4.025001554,0.1437957267,1204,474.5,False
4.026365207,0.1438077272,1205,473.5,False
4.027728861,0.1438137274,1206,473,False
4.029092514,0.1437957267,1207,474.5,False
4.030456167,0.1437977267,1208,474.3333333,True
4.03181982,0.1437997268,1209,474.1666667,True
4.033183474,0.1438017269,1210,474,False
4.034547127,0.1437852262,1211,475.375,True
4.03591078,0.1437687255,1212,476.75,True
4.037274434,0.1437522248,1213,478.125,True
4.038638087,0.1437357241,1214,479.5,False
4.04000174,0.1437177233,1215,481,False
4.041365394,0.1437237236,1216,480.5,False
4.042729047,0.1437297238,1217,480,False
4.0440927,0.1437417243,1218,479,True
4.045456354,0.1437537248,1219,478,True
4.046820007,0.1437657254,1220,477,True
4.04818366,0.1437777259,1221,476,False
4.049547314,0.143849729,1222,470,False
4.050910967,0.143825728,1223,472,False
4.05227462,0.1437477246,1224,478.5,False
4.053638273,0.1437417243,1225,479,False
4.055001927,0.1437357241,1226,479.5,False
4.05636558,0.1437477246,1227,478.5,False
4.057729233,0.1437537248,1228,478,False
4.059092887,0.1437537248,1229,478,False
4.06045654,0.1437347767,1230,479.5789474,True
4.061820193,0.1437158285,1231,481.1578947,True
4.063183847,0.1436968803,1232,482.7368421,True
4.0645475,0.1436779321,1233,484.3157895,True
4.065911153,0.1436589839,1234,485.8947368,True
4.067274807,0.1436400357,1235,487.4736842,True
4.06863846,0.1436210875,1236,489.0526316,True
4.070002113,0.1436021394,1237,490.6315789,True
4.071365767,0.1435831912,1238,492.2105263,True
4.07272942,0.143564243,1239,493.7894737,True
4.074093073,0.1435452948,1240,495.3684211,True
4.075456727,0.1435263466,1241,496.9473684,True
4.07682038,0.1435073984,1242,498.5263158,True
4.078184033,0.1434884502,1243,500.1052632,True
4.079547686,0.1434695021,1244,501.6842105,True
4.08091134,0.1434505539,1245,503.2631579,True
4.082274993,0.1434316057,1246,504.8421053,True
4.083638646,0.1434126575,1247,506.4210526,True
4.0850023,0.1433937093,1248,508,False
4.086365953,0.1433907092,1249,508.25,True
4.087729606,0.143387709,1250,508.5,True
4.08909326,0.1433847089,1251,508.75,True
4.090456913,0.1433817088,1252,509,False
4.091820566,0.1433917092,1253,508.1666667,True
4.09318422,0.1434017097,1254,507.3333333,True
4.094547873,0.1434117101,1255,506.5,False
4.095911526,0.1434142816,1256,506.2857143,True
4.09727518,0.1434168532,1257,506.0714286,True
4.098638833,0.1434194247,1258,505.8571429,True
4.100002486,0.1434219962,1259,505.6428571,True
4.10136614,0.1434245678,1260,505.4285714,True
4.102729793,0.1434271393,1261,505.2142857,True
4.104093446,0.1434297109,1262,505,False
4.105457099,0.143339707,1263,512.5,False
4.106820753,0.1433517075,1264,511.5,False
4.108184406,0.1434417114,1265,504,False
4.109548059,0.1434147102,1266,506.25,True
4.110911713,0.143387709,1267,508.5,True
4.112275366,0.1433607079,1268,510.75,True
4.113639019,0.1433337067,1269,513,False
4.115002673,0.1434057098,1270,507,False
4.116366326,0.1434177103,1271,506,False
4.117729979,0.1433337067,1272,513,False
4.119093633,0.1433277065,1273,513.5,False
4.120457286,0.1432857046,1274,517,False
4.121820939,0.1432917049,1275,516.5,False
4.123184593,0.1433037054,1276,515.5,False
4.124548246,0.1433037054,1277,515.5,False
4.125911899,0.1433757085,1278,509.5,False
4.127275553,0.1434357111,1279,504.5,False
4.128639206,0.1433367068,1280,512.75,True
4.130002859,0.1432377026,1281,521,False
4.131366512,0.1432377026,1282,521,False
4.132730166,0.1432797044,1283,517.5,False
4.134093819,0.1432737041,1284,518,False
4.135457472,0.1432857046,1285,517,False
4.136821126,0.1433157059,1286,514.5,False
4.138184779,0.143339707,1287,512.5,False
4.139548432,0.143339707,1288,512.5,False
4.140912086,0.1433277065,1289,513.5,False
4.142275739,0.1433319924,1290,513.1428571,True
4.143639392,0.1433362783,1291,512.7857143,True
4.145003046,0.1433405642,1292,512.4285714,True
4.146366699,0.1433448501,1293,512.0714286,True
4.147730352,0.143349136,1294,511.7142857,True
4.149094006,0.1433534219,1295,511.3571429,True
4.150457659,0.1433577078,1296,511,True
4.151821312,0.1433619937,1297,510.6428571,True
4.153184966,0.1433662795,1298,510.2857143,True
4.154548619,0.1433705654,1299,509.9285714,True
4.155912272,0.1433748513,1300,509.5714286,True
4.157275925,0.1433791372,1301,509.2142857,True
4.158639579,0.1433834231,1302,508.8571429,True
4.160003232,0.143387709,1303,508.5,False
4.161366885,0.1433247063,1304,513.75,True
4.162730539,0.1432617036,1305,519,False
4.164094192,0.1432557033,1306,519.5,False
4.165457845,0.1432977052,1307,516,True
4.166821499,0.143339707,1308,512.5,True
4.168185152,0.1433817088,1309,509,True
4.169548805,0.1434237106,1310,505.5,False
4.170912459,0.1434528547,1311,503.0714286,True
4.172276112,0.1434819988,1312,500.6428571,True
4.173639765,0.1435111429,1313,498.2142857,True
4.175003419,0.1435402871,1314,495.7857143,True
4.176367072,0.1435694312,1315,493.3571429,True
4.177730725,0.1435985753,1316,490.9285714,True
4.179094378,0.1436277194,1317,488.5,False
4.180458032,0.1436277194,1318,488.5,False
4.181821685,0.1436517204,1319,486.5,False
4.183185338,0.1437033227,1320,482.2,True
4.184548992,0.1437549249,1321,477.9,True
4.185912645,0.1438065271,1322,473.6,True
4.187276298,0.1438581294,1323,469.3,True
4.188639952,0.1439097316,1324,465,False
4.190003605,0.1439472332,1325,461.875,True
4.191367258,0.1439847348,1326,458.75,True
4.192730912,0.1440222364,1327,455.625,True
4.194094565,0.1440597381,1328,452.5,False
4.195458218,0.1441377414,1329,446,False
4.196821872,0.1443177492,1330,431,False
4.198185525,0.1443957526,1331,424.5,False
4.199549178,0.1444017528,1332,424,False
4.200912832,0.1444137533,1333,423,False
4.202276485,0.1444197536,1334,422.5,False
4.203640138,0.1445417589,1335,412.3333333,True
4.205003791,0.1446637641,1336,402.1666667,True
4.206367445,0.1447857694,1337,392,False
4.207731098,0.1447797691,1338,392.5,False
4.209094751,0.1448097704,1339,390,False
4.210458405,0.1448037702,1340,390.5,False
4.211822058,0.1446237624,1341,405.5,False
4.213185711,0.1451277842,1342,363.5,False
4.214549365,0.1451517852,1343,361.5,False
4.215913018,0.1450977829,1344,366,False
4.217276671,0.1452297886,1345,355,False
4.218640325,0.1452537896,1346,353,False
4.220003978,0.1452477894,1347,353.5,False
4.221367631,0.1453977958,1348,341,False
4.222731285,0.1454337974,1349,338,False
4.224094938,0.1454157966,1350,339.5,False
4.225458591,0.1453197925,1351,347.5,False
4.226822245,0.1453812951,1352,342.375,True
4.228185898,0.1454427978,1353,337.25,True
4.229549551,0.1455043004,1354,332.125,True
4.230913204,0.1455658031,1355,327,False
4.232276858,0.1455898041,1356,325,False
4.233640511,0.1456438065,1357,320.5,False
4.235004164,0.1455718033,1358,326.5,False
4.236367818,0.1456266629,1359,321.9285714,True
4.237731471,0.1456815224,1360,317.3571429,True
4.239095124,0.1457363819,1361,312.7857143,True
4.240458778,0.1457912414,1362,308.2142857,True
4.241822431,0.1458461009,1363,303.6428571,True
4.243186084,0.1459009604,1364,299.0714286,True
4.244549738,0.1459558199,1365,294.5,False
4.245913391,0.1459378191,1366,296,False
4.247277044,0.1459678204,1367,293.5,False
4.248640698,0.145979821,1368,292.5,False
4.250004351,0.1460158225,1369,289.5,False
4.251368004,0.1459738207,1370,293,False
4.252731658,0.1459618202,1371,294,False
4.254095311,0.1459693205,1372,293.375,True
4.255458964,0.1459768208,1373,292.75,True
4.256822617,0.1459843212,1374,292.125,True
4.258186271,0.1459918215,1375,291.5,False
4.259549924,0.1460120723,1376,289.8125,True
4.260913577,0.1460323232,1377,288.125,True
4.262277231,0.1460525741,1378,286.4375,True
4.263640884,0.146072825,1379,284.75,True
4.265004537,0.1460930758,1380,283.0625,True
4.266368191,0.1461133267,1381,281.375,True
4.267731844,0.1461335776,1382,279.6875,True
4.269095497,0.1461538285,1383,278,False
4.270459151,0.1464118396,1384,256.5,False
4.271822804,0.1464058393,1385,257,False
4.273186457,0.146513844,1386,248,True
4.274550111,0.1466218487,1387,239,True
4.275913764,0.1467298533,1388,230,True
4.277277417,0.146837858,1389,221,True
4.27864107,0.1469458627,1390,212,False
4.280004724,0.1471498715,1391,195,False
4.281368377,0.1470958691,1392,199.5,False
4.28273203,0.1470478671,1393,203.5,False
4.284095684,0.1470658678,1394,202,False
4.285459337,0.1467778554,1395,226,False
4.28682299,0.1466398495,1396,237.5,False
4.288186644,0.1469218616,1397,214,False
4.289550297,0.1468858601,1398,217,False
4.29091395,0.1466698507,1399,235,False
4.292277604,0.1466008478,1400,240.75,True
4.293641257,0.1465318448,1401,246.5,True
4.29500491,0.1464628418,1402,252.25,True
4.296368564,0.1463938388,1403,258,False
4.297732217,0.1464058393,1404,257,False
4.29909587,0.1464298404,1405,255,False
4.300459524,0.146513844,1406,248,False
4.301823177,0.1467938561,1407,224.6666667,True
4.30318683,0.1470738682,1408,201.3333333,True
4.304550483,0.1473538803,1409,178,False
4.305914137,0.147184373,1410,192.125,True
4.30727779,0.1470148656,1411,206.25,True
4.308641443,0.1468453583,1412,220.375,True
4.310005097,0.146675851,1413,234.5,False
4.31136875,0.1467178528,1414,231,False
4.312732403,0.1466338492,1415,238,False
4.314096057,0.1465918474,1416,241.5,False
4.31545971,0.1467598546,1417,227.5,False
4.316823363,0.1467478541,1418,228.5,False
4.318187017,0.1468258575,1419,222,False
4.31955067,0.1468393581,1420,220.875,True
4.320914323,0.1468528586,1421,219.75,True
4.322277977,0.1468663592,1422,218.625,True
4.32364163,0.1468798598,1423,217.5,False
4.325005283,0.146837858,1424,221,False
4.326368937,0.1468438583,1425,220.5,False
4.32773259,0.1468498585,1426,220,False
4.329096243,0.1468783598,1427,217.625,True
4.330459896,0.146906861,1428,215.25,True
4.33182355,0.1469353622,1429,212.875,True
4.333187203,0.1469638634,1430,210.5,False
4.334550856,0.1469578632,1431,211,False
4.33591451,0.1466338492,1432,238,False
4.337278163,0.1466638505,1433,235.5,False
4.338641816,0.1465498456,1434,245,False
4.34000547,0.1465618461,1435,244,False
4.341369123,0.1465738466,1436,243,False
4.342732776,0.1467178528,1437,231,False
4.34409643,0.1466938518,1438,233,False
4.345460083,0.1465498456,1439,245,False
4.346823736,0.1465258445,1440,247,False
4.34818739,0.1465198443,1441,247.5,False
4.349551043,0.1465798469,1442,242.5,True
4.350914696,0.1466398495,1443,237.5,True
4.35227835,0.146699852,1444,232.5,False
4.353642003,0.146489843,1445,250,False
4.355005656,0.1464658419,1446,252,False
4.356369309,0.1466458497,1447,237,False
4.357732963,0.1463998391,1448,257.5,False
4.359096616,0.146351837,1449,261.5,False
4.360460269,0.146327836,1450,263.5,False
4.361823923,0.1463072637,1451,265.2142857,True
4.363187576,0.1462866913,1452,266.9285714,True
4.364551229,0.146266119,1453,268.6428571,True
4.365914883,0.1462455467,1454,270.3571429,True
4.367278536,0.1462249744,1455,272.0714286,True
4.368642189,0.1462044021,1456,273.7857143,True
4.370005843,0.1461838298,1457,275.5,False
4.371369496,0.1461821154,1458,275.6428571,True
4.372733149,0.146180401,1459,275.7857143,True
4.374096803,0.1461786867,1460,275.9285714,True
4.375460456,0.1461769723,1461,276.0714286,True
4.376824109,0.146175258,1462,276.2142857,True
4.378187762,0.1461735436,1463,276.3571429,True
4.379551416,0.1461718292,1464,276.5,False
4.380915069,0.1461915948,1465,274.8529412,True
4.382278722,0.1462113604,1466,273.2058824,True
4.383642376,0.1462311259,1467,271.5588235,True
4.385006029,0.1462508915,1468,269.9117647,True
4.386369682,0.146270657,1469,268.2647059,True
4.387733336,0.1462904226,1470,266.6176471,True
4.389096989,0.1463101882,1471,264.9705882,True
4.390460642,0.1463299537,1472,263.3235294,True
4.391824296,0.1463497193,1473,261.6764706,True
4.393187949,0.1463694848,1474,260.0294118,True
4.394551602,0.1463892504,1475,258.3823529,True
4.395915256,0.146409016,1476,256.7352941,True
4.397278909,0.1464287815,1477,255.0882353,True
4.398642562,0.1464485471,1478,253.4411765,True
4.400006216,0.1464683126,1479,251.7941176,True
4.401369869,0.1464880782,1480,250.1470588,True
4.402733522,0.1465078438,1481,248.5,False
4.404097175,0.1460878256,1482,283.5,False
4.405460829,0.1459678204,1483,293.5,False
4.406824482,0.145910218,1484,298.3,True
4.408188135,0.1458526155,1485,303.1,True
4.409551789,0.145795013,1486,307.9,True
4.410915442,0.1457374105,1487,312.7,True
4.412279095,0.145679808,1488,317.5,False
4.413642749,0.1457818124,1489,309,False
4.415006402,0.1457818124,1490,309,False
4.416370055,0.1457548112,1491,311.25,True
4.417733709,0.1457278101,1492,313.5,True
4.419097362,0.1457008089,1493,315.75,True
4.420461015,0.1456738077,1494,318,False
4.421824669,0.1456933086,1495,316.375,True
4.423188322,0.1457128094,1496,314.75,True
4.424551975,0.1457323103,1497,313.125,True
4.425915629,0.1457518111,1498,311.5,False
4.427279282,0.1457098093,1499,315,False
4.428642935,0.1456738077,1500,318,False
4.430006588,0.1457098093,1501,315,False
4.431370242,0.1453437935,1502,345.5,False
4.432733895,0.1453137922,1503,348,False
4.434097548,0.1456918085,1504,316.5,False
4.435461202,0.1454577984,1505,336,False
4.436824855,0.145401796,1506,340.6666667,True
4.438188508,0.1453457936,1507,345.3333333,True
4.439552162,0.1452897912,1508,350,False
4.440915815,0.1453617943,1509,344,False
4.442279468,0.1453497938,1510,345,False
4.443643122,0.1453617943,1511,344,False
4.445006775,0.1452657901,1512,352,False
4.446370428,0.1452117878,1513,356.5,False
4.447734082,0.1450857824,1514,367,True
4.449097735,0.1449597769,1515,377.5,False
4.450461388,0.1450617813,1516,369,False
4.451825042,0.1449897782,1517,375,False
4.453188695,0.1447917697,1518,391.5,False
4.454552348,0.1446957655,1519,399.5,False
4.455916001,0.1447177665,1520,397.6666667,True
4.457279655,0.1447397674,1521,395.8333333,True
4.458643308,0.1447617684,1522,394,False
4.460006961,0.1449285756,1523,380.1,True
4.461370615,0.1450953828,1524,366.2,True
4.462734268,0.14526219,1525,352.3,True
4.464097921,0.1454289972,1526,338.4,True
4.465461575,0.1455958044,1527,324.5,False
4.466825228,0.1455958044,1528,324.5,False
4.468188881,0.1450407804,1529,370.75,True
4.469552535,0.1444857565,1530,417,False
4.470916188,0.1444737559,1531,418,False
4.472279841,0.1444737559,1532,418,False
4.473643495,0.1444017528,1533,424,False
4.475007148,0.1442937482,1534,433,False
4.476370801,0.1444137533,1535,423,False
4.477734454,0.1444182535,1536,422.625,True
4.479098108,0.1444227537,1537,422.25,True
4.480461761,0.1444272539,1538,421.875,True
4.481825414,0.1444317541,1539,421.5,False
4.483189068,0.1444017528,1540,424,False
4.484552721,0.1442397458,1541,437.5,False
4.485916374,0.144197744,1542,441,False
4.487280028,0.1444707558,1543,418.25,True
4.488643681,0.1447437676,1544,395.5,False
4.490007334,0.1445517593,1545,411.5,True
4.491370988,0.144359751,1546,427.5,False
4.492734641,0.1442697471,1547,435,False
4.494098294,0.144383752,1548,425.5,False
4.495461948,0.1443897523,1549,425,False
4.496825601,0.1439097316,1550,465,False
4.498189254,0.14387373,1551,468,False
4.499552908,0.1438857305,1552,467,False
4.500916561,0.1440027356,1553,457.25,True
4.502280214,0.1441197407,1554,447.5,True
4.503643867,0.1442367457,1555,437.75,True
4.505007521,0.1443537508,1556,428,False
4.506371174,0.1446957655,1557,399.5,False
4.507734827,0.1445597596,1558,410.8333333,True
4.509098481,0.1444237538,1559,422.1666667,True
4.510462134,0.1442877479,1560,433.5,True
4.511825787,0.144151742,1561,444.8333333,True
4.513189441,0.1440157362,1562,456.1666667,True
4.514553094,0.1438797303,1563,467.5,False
4.515916747,0.1440317369,1564,454.8333333,True
4.517280401,0.1441837434,1565,442.1666667,True
4.518644054,0.14433575,1566,429.5,False
4.520007707,0.1447377673,1567,396,False
4.521371361,0.1444417546,1568,420.6666667,True
4.522735014,0.1441457418,1569,445.3333333,True
4.524098667,0.143849729,1570,470,False
4.525462321,0.1438917308,1571,466.5,False
4.526825974,0.1439697342,1572,460,False
4.528189627,0.1437357241,1573,479.5,False
4.52955328,0.1436817217,1574,484,False
4.530916934,0.1439517334,1575,461.5,False
4.532280587,0.1439589337,1576,460.9,True
4.53364424,0.143966134,1577,460.3,True
4.535007894,0.1439733343,1578,459.7,True
4.536371547,0.1439805346,1579,459.1,True
4.5377352,0.143987735,1580,458.5,False
4.539098854,0.1437897264,1581,475,True
4.540462507,0.1435917179,1582,491.5,False
4.54182616,0.143549716,1583,495,False
4.543189814,0.143592575,1584,491.4285714,True
4.544553467,0.143635434,1585,487.8571429,True
4.54591712,0.143678293,1586,484.2857143,True
4.547280774,0.143721152,1587,480.7142857,True
4.548644427,0.143764011,1588,477.1428571,True
4.55000808,0.14380687,1589,473.5714286,True
4.551371734,0.143849729,1590,470,False
4.552735387,0.1439709342,1591,459.9,True
4.55409904,0.1440921395,1592,449.8,True
4.555462693,0.1442133447,1593,439.7,True
4.556826347,0.1443345499,1594,429.6,True
4.55819,0.1444557552,1595,419.5,False
4.559553653,0.144521758,1596,414,False
4.560917307,0.1441257409,1597,447,False
4.56228096,0.1438287281,1598,471.75,True
4.563644613,0.1435317153,1599,496.5,False
4.565008267,0.1440297368,1600,455,False
4.56637192,0.1438797303,1601,467.5,False
4.567735573,0.1436517204,1602,486.5,False
4.569099227,0.1436157189,1603,489.5,False
4.57046288,0.1440417373,1604,454,False
4.571826533,0.1440417373,1605,454,False
4.573190187,0.1440417373,1606,454,False
4.57455384,0.1439937352,1607,458,False
4.575917493,0.1439817347,1608,459,False
4.577281146,0.1436697212,1609,485,False
4.5786448,0.1435617166,1610,494,False
4.580008453,0.1437297238,1611,480,False
4.581372106,0.1438557293,1612,469.5,False
4.58273576,0.1436757215,1613,484.5,False
4.584099413,0.1434957137,1614,499.5,False
4.585463066,0.1434897135,1615,500,False
4.58682672,0.143549716,1616,495,False
4.588190373,0.1441617425,1617,444,False
4.589554026,0.143711723,1618,481.5,False
4.59091768,0.1433757085,1619,509.5,False
4.592281333,0.1434297109,1620,505,False
4.593644986,0.144035737,1621,454.5,False
4.59500864,0.1440597381,1622,452.5,False
4.596372293,0.1440981397,1623,449.3,True
4.597735946,0.1441365414,1624,446.1,True
4.5990996,0.144174943,1625,442.9,True
4.600463253,0.1442133447,1626,439.7,True
4.601826906,0.1442517463,1627,436.5,False
4.603190559,0.1440477375,1628,453.5,True
4.604554213,0.1438437287,1629,470.5,True
4.605917866,0.1436397199,1630,487.5,False
4.607281519,0.1438117274,1631,473.1666667,True
4.608645173,0.1439837348,1632,458.8333333,True
4.610008826,0.1441557422,1633,444.5,False
4.611372479,0.143941733,1634,462.3333333,True
4.612736133,0.1437277237,1635,480.1666667,True
4.614099786,0.1435137145,1636,498,False
4.615463439,0.1437717256,1637,476.5,False
4.616827093,0.1436742214,1638,484.625,True
4.618190746,0.1435767172,1639,492.75,True
4.619554399,0.143479213,1640,500.875,True
4.620918053,0.1433817088,1641,509,False
4.622281706,0.1438697299,1642,468.3333333,True
4.623645359,0.1443577509,1643,427.6666667,True
4.625009013,0.144845772,1644,387,False
4.626372666,0.1442877479,1645,433.5,False
4.627736319,0.144080739,1646,450.75,True
4.629099972,0.14387373,1647,468,False
4.630463626,0.1436097186,1648,490,False
4.631827279,0.1435797173,1649,492.5,False
4.633190932,0.1437237236,1650,480.5,False
4.634554586,0.1436817217,1651,484,False
4.635918239,0.1436217191,1652,489,False
4.637281892,0.1437477246,1653,478.5,False
4.638645546,0.1437717256,1654,476.5,False
4.640009199,0.1436697212,1655,485,False
4.641372852,0.1436337197,1656,488,False
4.642736506,0.1436337197,1657,488,False
4.644100159,0.143849729,1658,470,False
4.645463812,0.1438797303,1659,467.5,False
4.646827466,0.1437237236,1660,480.5,False
4.648191119,0.1437717256,1661,476.5,False
4.649554772,0.1437837261,1662,475.5,False
4.650918426,0.1437057228,1663,482,False
4.652282079,0.1436997225,1664,482.5,False
4.653645732,0.1437777259,1665,476,False
4.655009385,0.1437177233,1666,481,False
4.656373039,0.1437837261,1667,475.5,False
4.657736692,0.1438977311,1668,466,False
4.659100345,0.1439697342,1669,460,False
4.660463999,0.1438917308,1670,466.5,True
4.661827652,0.1438137274,1671,473,True
4.663191305,0.1437357241,1672,479.5,True
4.664554959,0.1436577207,1673,486,True
4.665918612,0.1435797173,1674,492.5,True
4.667282265,0.143501714,1675,499,False
4.668645919,0.1436202191,1676,489.125,True
4.670009572,0.1437387242,1677,479.25,True
4.671373225,0.1438572293,1678,469.375,True
4.672736879,0.1439757344,1679,459.5,False
4.674100532,0.1440057357,1680,457,False
4.675464185,0.1438917308,1681,466.5,False
4.676827838,0.1436337197,1682,488,False
4.678191492,0.1439097316,1683,465,False
4.679555145,0.1439397329,1684,462.5,False
4.680918798,0.1439337326,1685,463,False
4.682282452,0.1442337456,1686,438,False
4.683646105,0.1441857435,1687,442,False
4.685009758,0.1441125403,1688,448.1,True
4.686373412,0.1440393372,1689,454.2,True
4.687737065,0.143966134,1690,460.3,True
4.689100718,0.1438929309,1691,466.4,True
4.690464372,0.1438197277,1692,472.5,False
4.691828025,0.1436787216,1693,484.25,True
4.693191678,0.1435377155,1694,496,False
4.694555332,0.143549716,1695,495,False
4.695918985,0.1438077272,1696,473.5,False
4.697282638,0.1441347413,1697,446.25,True
4.698646292,0.1444617554,1698,419,False
4.700009945,0.1445157577,1699,414.5,False
4.701373598,0.1440917394,1700,449.8333333,True
4.702737251,0.1436677211,1701,485.1666667,True
4.704100905,0.1432437028,1702,520.5,False
4.705464558,0.143780726,1703,475.75,True
4.706828211,0.1443177492,1704,431,False
4.708191865,0.1443417502,1705,429,False
4.709555518,0.1443057487,1706,432,False
4.710919171,0.1441497419,1707,445,False
4.712282825,0.143987735,1708,458.5,True
4.713646478,0.143825728,1709,472,False
4.715010131,0.1439517334,1710,461.5,False
4.716373785,0.1439937352,1711,458,False
4.717737438,0.1439757344,1712,459.5,False
4.719101091,0.1434357111,1713,504.5,False
4.720464745,0.1433937093,1714,508,False
4.721828398,0.143339707,1715,512.5,False
4.723192051,0.1435917179,1716,491.5,False
4.724555705,0.1439277324,1717,463.5,False
4.725919358,0.1442997484,1718,432.5,False
4.727283011,0.1444137533,1719,423,False
4.728646664,0.1444317541,1720,421.5,False
4.730010318,0.1443477505,1721,428.5,False
4.731373971,0.1439157318,1722,464.5,False
4.732737624,0.1433577078,1723,511,False
4.734101278,0.1438197277,1724,472.5,True
4.735464931,0.1442817476,1725,434,False
4.736828584,0.1441377414,1726,446,False
4.738192238,0.1439857349,1727,458.6666667,True
4.739555891,0.1438337283,1728,471.3333333,True
4.740919544,0.1436817217,1729,484,False
4.742283198,0.1439357327,1730,462.8333333,True
4.743646851,0.1441897437,1731,441.6666667,True
4.745010504,0.1444437546,1732,420.5,False
4.746374158,0.144035737,1733,454.5,False
4.747737811,0.1437657254,1734,477,False
4.749101464,0.1436957223,1735,482.8333333,True
4.750465118,0.1436257193,1736,488.6666667,True
4.751828771,0.1435557163,1737,494.5,False
4.753192424,0.1438617295,1738,469,False
4.754556077,0.1441677427,1739,443.5,False
4.755919731,0.1444377544,1740,421,False
4.757283384,0.1441477419,1741,445.1666667,True
4.758647037,0.1438577293,1742,469.3333333,True
4.760010691,0.1435677168,1743,493.5,False
4.761374344,0.1436697212,1744,485,False
4.762737997,0.143849729,1745,470,False
4.764101651,0.1439157318,1746,464.5,False
4.765465304,0.1439517334,1747,461.5,False
4.766828957,0.1437897264,1748,475,False
4.768192611,0.143825728,1749,472,False
4.769556264,0.1435737171,1750,493,False
4.770919917,0.1438137274,1751,473,False
4.772283571,0.1440657383,1752,452,False
4.773647224,0.1442637469,1753,435.5,False
4.775010877,0.1444167535,1754,422.75,True
4.77637453,0.1445697601,1755,410,False
4.777738184,0.1445637598,1756,410.5,False
4.779101837,0.144197744,1757,441,False
4.78046549,0.1442997484,1758,432.5,True
4.781829144,0.1444017528,1759,424,False
4.783192797,0.1446537637,1760,403,False
4.78455645,0.145193787,1761,358,False
4.785920104,0.1444197536,1762,422.5,True
4.787283757,0.1436457202,1763,487,False
4.78864741,0.143711723,1764,481.5,False
4.790011064,0.1437477246,1765,478.5,False
4.791374717,0.1437837261,1766,475.5,False
4.79273837,0.143756725,1767,477.75,True
4.794102024,0.1437297238,1768,480,True
4.795465677,0.1437027226,1769,482.25,True
4.79682933,0.1436757215,1770,484.5,False
4.798192984,0.1437057228,1771,482,True
4.799556637,0.1437357241,1772,479.5,True
4.80092029,0.1437657254,1773,477,False
4.802283943,0.1443957526,1774,424.5,False
4.803647597,0.1443777518,1775,426,False
4.80501125,0.1443345499,1776,429.6,True
4.806374903,0.1442913481,1777,433.2,True
4.807738557,0.1442481462,1778,436.8,True
4.80910221,0.1442049443,1779,440.4,True
4.810465863,0.1441617425,1780,444,False
4.811829517,0.1445157577,1781,414.5,False
4.81319317,0.1445817606,1782,409,False
4.814556823,0.1445817606,1783,409,False
4.815920477,0.1443072487,1784,431.875,True
4.81728413,0.1440327369,1785,454.75,True
4.818647783,0.143758225,1786,477.625,True
4.820011437,0.1434837132,1787,500.5,False
4.82137509,0.1441017399,1788,449,False
4.822738743,0.144383752,1789,425.5,False
4.824102397,0.144383752,1790,425.5,False
4.82546605,0.1444027529,1791,423.9166667,True
4.826829703,0.1444217537,1792,422.3333333,True
4.828193356,0.1444407545,1793,420.75,True
4.82955701,0.1444597553,1794,419.1666667,True
4.830920663,0.1444787562,1795,417.5833333,True
4.832284316,0.144497757,1796,416,False
4.83364797,0.1445277583,1797,413.5,False
4.835011623,0.144497757,1798,416,True
4.836375276,0.1444677557,1799,418.5,True
4.83773893,0.1444377544,1800,421,True
4.839102583,0.1444077531,1801,423.5,True
4.840466236,0.1443777518,1802,426,True
4.84182989,0.1443477505,1803,428.5,True
4.843193543,0.1443177492,1804,431,False
4.844557196,0.1439157318,1805,464.5,False
4.84592085,0.1437837261,1806,475.5,False
4.847284503,0.1436037184,1807,490.5,True
4.848648156,0.1434237106,1808,505.5,False
4.85001181,0.1434297109,1809,505,False
4.851375463,0.1436847219,1810,483.75,True
4.852739116,0.1439397329,1811,462.5,False
4.854102769,0.1439697342,1812,460,False
4.855466423,0.1439457331,1813,462,False
4.856830076,0.1439167319,1814,464.4166667,True
4.858193729,0.1438877306,1815,466.8333333,True
4.859557383,0.1438587294,1816,469.25,True
4.860921036,0.1438297281,1817,471.6666667,True
4.862284689,0.1438007269,1818,474.0833333,True
4.863648343,0.1437717256,1819,476.5,False
4.865011996,0.1438857305,1820,467,False
4.866375649,0.1440297368,1821,455,False
4.867739303,0.1438097273,1822,473.3333333,True
4.869102956,0.1435897178,1823,491.6666667,True
4.870466609,0.1433697083,1824,510,False
4.871830263,0.1433817088,1825,509,False
4.873193916,0.1434117101,1826,506.5,False
4.874557569,0.1436967224,1827,482.75,True
4.875921222,0.1439817347,1828,459,False
4.877284876,0.1438437287,1829,470.5,False
4.878648529,0.1436097186,1830,490,False
4.880012182,0.1434237106,1831,505.5,False
4.881375836,0.1433757085,1832,509.5,False
4.882739489,0.1435887177,1833,491.75,True
4.884103142,0.1438017269,1834,474,False
4.885466796,0.14387373,1835,468,False
4.886830449,0.14387373,1836,468,False
4.888194102,0.1436457202,1837,487,False
4.889557756,0.1433577078,1838,511,False
4.890921409,0.1433577078,1839,511,False
4.892285062,0.1434957137,1840,499.5,True
4.893648716,0.1436337197,1841,488,False
4.895012369,0.1441097402,1842,448.3333333,True
4.896376022,0.1445857608,1843,408.6666667,True
4.897739676,0.1450617813,1844,369,False
4.899103329,0.1445997614,1845,407.5,False
4.900466982,0.1436697212,1846,485,False
4.901830635,0.1435977181,1847,491,False
4.903194289,0.1435377155,1848,496,False
4.904557942,0.143549716,1849,495,False
4.905921595,0.1436397199,1850,487.5,False
4.907285249,0.1438017269,1851,474,False
4.908648902,0.1438557293,1852,469.5,False
4.910012555,0.1438137274,1853,473,False
4.911376209,0.1439157318,1854,464.5,True
4.912739862,0.1440177362,1855,456,True
4.914103515,0.1441197407,1856,447.5,True
4.915467169,0.1442217451,1857,439,False
4.916830822,0.1440957396,1858,449.5,False
4.918194475,0.1438377285,1859,471,False
4.919558129,0.1438557293,1860,469.5,True
4.920921782,0.14387373,1861,468,False
4.922285435,0.1438488718,1862,470.0714286,True
4.923649089,0.1438240136,1863,472.1428571,True
4.925012742,0.1437991554,1864,474.2142857,True
4.926376395,0.1437742972,1865,476.2857143,True
4.927740048,0.1437494389,1866,478.3571429,True
4.929103702,0.1437245807,1867,480.4285714,True
4.930467355,0.1436997225,1868,482.5,False
4.931831008,0.1439277324,1869,463.5,False
4.933194662,0.1439217321,1870,464,False
4.934558315,0.1439037313,1871,465.5,False
4.935921968,0.1436937223,1872,483,True
4.937285622,0.1434837132,1873,500.5,True
4.938649275,0.1432737041,1874,518,False
4.940012928,0.1432437028,1875,520.5,False
4.941376582,0.1433007053,1876,515.75,True
4.942740235,0.1433577078,1877,511,True
4.944103888,0.1434147102,1878,506.25,True
4.945467542,0.1434717127,1879,501.5,False
4.946831195,0.1434717127,1880,501.5,False
4.948194848,0.1437537248,1881,478,False
4.949558502,0.1438092272,1882,473.375,True
4.950922155,0.1438647296,1883,468.75,True
4.952285808,0.143920232,1884,464.125,True
4.953649461,0.1439757344,1885,459.5,False
4.955013115,0.1439157318,1886,464.5,False
4.956376768,0.1441197407,1887,447.5,False
4.957740421,0.1441437417,1888,445.5,False
4.959104075,0.1440207364,1889,455.75,True
4.960467728,0.1438977311,1890,466,True
4.961831381,0.1437747258,1891,476.25,True
4.963195035,0.1436517204,1892,486.5,False
4.964558688,0.1437417243,1893,479,False
4.965922341,0.1437597251,1894,477.5,False
4.967285995,0.1438317282,1895,471.5,False
4.968649648,0.1438083272,1896,473.45,True
4.970013301,0.1437849262,1897,475.4,True
4.971376955,0.1437615252,1898,477.35,True
4.972740608,0.1437381242,1899,479.3,True
4.974104261,0.1437147232,1900,481.25,True
4.975467914,0.1436913222,1901,483.2,True
4.976831568,0.1436679211,1902,485.15,True
4.978195221,0.1436445201,1903,487.1,True
4.979558874,0.1436211191,1904,489.05,True
4.980922528,0.1435977181,1905,491,False
4.982286181,0.1435362155,1906,496.125,True
4.983649834,0.1434747128,1907,501.25,True
4.985013488,0.1434132101,1908,506.375,True
4.986377141,0.1433517075,1909,511.5,False
4.987740794,0.1433517075,1910,511.5,False
4.989104448,0.1437237236,1911,480.5,False
4.990468101,0.1438197277,1912,472.5,False
4.991831754,0.1437397242,1913,479.1666667,True
4.993195408,0.1436597208,1914,485.8333333,True
4.994559061,0.1435797173,1915,492.5,False
4.995922714,0.1436037184,1916,490.5,False
4.997286368,0.1435977181,1917,491,False
4.998650021,0.143525715,1918,497,False
5.000013674,0.1433037054,1919,515.5,False
5.001377327,0.1433777086,1920,509.3333333,True
5.002740981,0.1434517118,1921,503.1666667,True
5.004104634,0.143525715,1922,497,False
5.005468287,0.1434717127,1923,501.5,False
5.006831941,0.1434597122,1924,502.5,False
5.008195594,0.1434597122,1925,502.5,False
5.009559247,0.1433337067,1926,513,False
5.010922901,0.1434737128,1927,501.3333333,True
5.012286554,0.1436137188,1928,489.6666667,True
5.013650207,0.1437537248,1929,478,False
5.015013861,0.1439377328,1930,462.6666667,True
5.016377514,0.1441217407,1931,447.3333333,True
5.017741167,0.1443057487,1932,432,False
5.019104821,0.14410474,1933,448.75,True
5.020468474,0.1439037313,1934,465.5,True
5.021832127,0.1437027226,1935,482.25,True
5.023195781,0.143501714,1936,499,False
5.024559434,0.1434177103,1937,506,False
5.025923087,0.1434057098,1938,507,False
5.02728674,0.1435437158,1939,495.5,False
5.028650394,0.1435057141,1940,498.6666667,True
5.030014047,0.1434677125,1941,501.8333333,True
5.0313777,0.1434297109,1942,505,False
5.032741354,0.1434417114,1943,504,True
5.034105007,0.1434537119,1944,503,True
5.03546866,0.1434657124,1945,502,True
5.036832314,0.1434777129,1946,501,True
5.038195967,0.1434897135,1947,500,True
5.03955962,0.143501714,1948,499,True
5.040923274,0.1435137145,1949,498,False
5.042286927,0.1435077142,1950,498.5,False
5.04365058,0.1435437158,1951,495.5,False
5.045014234,0.1435077142,1952,498.5,False
5.046377887,0.1436157189,1953,489.5,False
5.04774154,0.1436697212,1954,485,False
5.049105194,0.1435137145,1955,498,False
5.050468847,0.1433757085,1956,509.5,False
5.0518325,0.1434897135,1957,500,False
5.053196153,0.1434657124,1958,502,False
5.054559807,0.1433457072,1959,512,False
5.05592346,0.1435197147,1960,497.5,True
5.057287113,0.1436937223,1961,483,True
5.058650767,0.1438677298,1962,468.5,False
5.06001442,0.1438197277,1963,472.5,False
5.061378073,0.1436697212,1964,485,False
5.062741727,0.1436757215,1965,484.5,False
5.06410538,0.1436457202,1966,487,False
5.065469033,0.1436357198,1967,487.8333333,True
5.066832687,0.1436257193,1968,488.6666667,True
5.06819634,0.1436157189,1969,489.5,False
5.069559993,0.143525715,1970,497,True
5.070923647,0.1434357111,1971,504.5,True
5.0722873,0.1433457072,1972,512,True
5.073650953,0.1432557033,1973,519.5,False
5.075014606,0.1433037054,1974,515.5,False
5.07637826,0.143549716,1975,495,True
5.077741913,0.1437957267,1976,474.5,False
5.079105566,0.1439297324,1977,463.3333333,True
5.08046922,0.1440637382,1978,452.1666667,True
5.081832873,0.144197744,1979,441,False
5.083196526,0.1442277453,1980,438.5,False
5.08456018,0.1440667384,1981,451.9166667,True
5.085923833,0.1439057314,1982,465.3333333,True
5.087287486,0.1437447245,1983,478.75,True
5.08865114,0.1435837175,1984,492.1666667,True
5.090014793,0.1434227106,1985,505.5833333,True
5.091378446,0.1432617036,1986,519,False
5.0927421,0.1432863047,1987,516.95,True
5.094105753,0.1433109057,1988,514.9,True
5.095469406,0.1433355068,1989,512.85,True
5.09683306,0.1433601079,1990,510.8,True
5.098196713,0.1433847089,1991,508.75,True
5.099560366,0.14340931,1992,506.7,True
5.100924019,0.143433911,1993,504.65,True
5.102287673,0.1434585121,1994,502.6,True
5.103651326,0.1434831132,1995,500.55,True
5.105014979,0.1435077142,1996,498.5,False
5.106378633,0.1435917179,1997,491.5,False
5.107742286,0.1437717256,1998,476.5,False
5.109105939,0.1441497419,1999,445,False
5.110469593,0.1440627382,2000,452.25,True
5.111833246,0.1439757344,2001,459.5,True
5.113196899,0.1438887307,2002,466.75,True
5.114560553,0.1438017269,2003,474,False
5.115924206,0.1436737214,2004,484.6666667,True
5.117287859,0.1435457159,2005,495.3333333,True
5.118651513,0.1434177103,2006,506,False
5.120015166,0.1434192104,2007,505.875,True
5.121378819,0.1434207105,2008,505.75,True
5.122742473,0.1434222105,2009,505.625,True
5.124106126,0.1434237106,2010,505.5,False
5.125469779,0.1435857176,2011,492,False
5.126833432,0.143825728,2012,472,False
5.128197086,0.14387373,2013,468,False
5.129560739,0.1437657254,2014,477,False
5.130924392,0.1436397199,2015,487.5,False
5.132288046,0.1434657124,2016,502,False
5.133651699,0.1434177103,2017,506,False
5.135015352,0.1435077142,2018,498.5,False
5.136379006,0.1437897264,2019,475,False
5.137742659,0.1438557293,2020,469.5,True
5.139106312,0.1439217321,2021,464,True
5.140469966,0.143987735,2022,458.5,True
5.141833619,0.1440537378,2023,453,False
5.143197272,0.144151742,2024,444.8333333,True
5.144560926,0.1442497463,2025,436.6666667,True
5.145924579,0.1443477505,2026,428.5,False
5.147288232,0.1444737559,2027,418,False
5.148651886,0.1444077531,2028,423.5,False
5.150015539,0.1439997355,2029,457.5,False
5.151379192,0.143825728,2030,472,False
5.152742845,0.1436817217,2031,484,True
5.154106499,0.1435377155,2032,496,True
5.155470152,0.1433937093,2033,508,False
5.156833805,0.1434249107,2034,505.4,True
5.158197459,0.143456112,2035,502.8,True
5.159561112,0.1434873133,2036,500.2,True
5.160924765,0.1435185147,2037,497.6,True
5.162288419,0.143549716,2038,495,False
5.163652072,0.1435557163,2039,494.5,False
5.165015725,0.143711723,2040,481.5,False
5.166379379,0.1437357241,2041,479.5,False
5.167743032,0.1434777129,2042,501,False
5.169106685,0.143387709,2043,508.5,False
5.170470339,0.1436157189,2044,489.5,False
5.171833992,0.143849729,2045,470,False
5.173197645,0.1439157318,2046,464.5,False
5.174561298,0.1437717256,2047,476.5,False
5.175924952,0.1435677168,2048,493.5,False
5.177288605,0.1434657124,2049,502,False
5.178652258,0.143363708,2050,510.5,False
5.180015912,0.1432977052,2051,516,False
5.181379565,0.1433277065,2052,513.5,False
5.182743218,0.1433277065,2053,513.5,False
5.184106872,0.1432917049,2054,516.5,False
5.185470525,0.1433997096,2055,507.5,False
5.186834178,0.1436277194,2056,488.5,False
5.188197832,0.1436037184,2057,490.5,False
5.189561485,0.1433577078,2058,511,False
5.190925138,0.1432557033,2059,519.5,False
5.192288792,0.1432737041,2060,518,False
5.193652445,0.143363708,2061,510.5,False
5.195016098,0.1434777129,2062,501,False
5.196379752,0.1434597122,2063,502.5,False
5.197743405,0.1436457202,2064,487,False
5.199107058,0.143987735,2065,458.5,False
5.200470711,0.143987735,2066,458.5,True
