bin_half_width,bin_half_width
0.003438000000000052,0.003438000000000052
0.003438000000000052,0.003438000000000052
0.00343799999999983,0.00343799999999983
0.003438000000000052,0.003438000000000052
0.003438000000000052,0.003438000000000052
0.003438000000000052,0.003438000000000052
0.003438000000000052,0.003438000000000052
0.00343799999999983,0.00343799999999983
0.003438000000000052,0.003438000000000052
0.003438000000000052,0.003438000000000052
0.003438000000000052,0.003438000000000052
0.00343799999999983,0.00343799999999983
0.003438000000000052,0.003438000000000052
0.003438000000000052,0.003438000000000052
0.003438000000000052,0.003438000000000052
0.001719000000000026,0.001719000000000026
0.0033924999999999095,0.0033924999999999095
0.0033924999999999095,0.0033924999999999095
0.0033925000000001315,0.0033925000000001315
0.0033919999999998396,0.0033919999999998396
0.0033920000000000616,0.0033920000000000616
0.0033914999999999917,0.0033914999999999917
0.0033914999999999917,0.0033914999999999917
0.0033914999999999917,0.0033914999999999917
0.0033914999999999917,0.0033914999999999917
0.003391000000000144,0.003391000000000144
0.003390999999999922,0.003390999999999922
0.003390999999999922,0.003390999999999922
0.003390500000000074,0.003390500000000074
0.003390500000000074,0.003390500000000074
0.003390499999999852,0.003390499999999852
0.003390000000000004,0.003390000000000004
0.003390000000000004,0.003390000000000004
0.003390000000000004,0.003390000000000004
0.0033895000000001563,0.0033895000000001563
0.0033894999999999342,0.0033894999999999342
0.0033890000000000864,0.0033890000000000864
0.0033894999999999342,0.0033894999999999342
0.0033885000000000165,0.0033885000000000165
0.0033889999999998643,0.0033889999999998643
0.0033885000000000165,0.0033885000000000165
0.0033880000000001687,0.0033880000000001687
0.0033884999999997945,0.0033884999999997945
0.0033880000000001687,0.0033880000000001687
0.0033874999999998767,0.0033874999999998767
0.0033875000000000988,0.0033875000000000988
0.0033874999999998767,0.0033874999999998767
0.003387000000000029,0.003387000000000029
0.003387000000000029,0.003387000000000029
0.003387000000000029,0.003387000000000029
0.003386499999999959,0.003386499999999959
0.003386000000000111,0.003386000000000111
0.003386499999999959,0.003386499999999959
0.003385999999999889,0.003385999999999889
0.0033855000000000413,0.0033855000000000413
0.0033855000000000413,0.0033855000000000413
0.0033855000000000413,0.0033855000000000413
0.0033849999999999714,0.0033849999999999714
0.0033849999999999714,0.0033849999999999714
0.0033845000000001235,0.0033845000000001235
0.0033844999999999015,0.0033844999999999015
0.0033840000000000536,0.0033840000000000536
0.0033839999999998316,0.0033839999999998316
0.0033840000000000536,0.0033840000000000536
0.0033834999999999837,0.0033834999999999837
0.003383000000000136,0.003383000000000136
0.0033834999999999837,0.0033834999999999837
0.003382499999999844,0.003382499999999844
0.003382500000000066,0.003382500000000066
0.003382500000000066,0.003382500000000066
0.003382500000000066,0.003382500000000066
0.0033814999999999262,0.0033814999999999262
0.003381999999999996,0.003381999999999996
0.0033814999999999262,0.0033814999999999262
0.0033810000000000784,0.0033810000000000784
0.0033810000000000784,0.0033810000000000784
0.0033809999999998563,0.0033809999999998563
0.0033805000000000085,0.0033805000000000085
0.0033799999999999386,0.0033799999999999386
0.0033800000000001607,0.0033800000000001607
0.0033799999999999386,0.0033799999999999386
0.0033795000000000908,0.0033795000000000908
0.0033794999999998687,0.0033794999999998687
0.003379000000000021,0.003379000000000021
0.003379000000000021,0.003379000000000021
0.003378499999999951,0.003378499999999951
0.003378499999999951,0.003378499999999951
0.003378000000000103,0.003378000000000103
0.003378000000000103,0.003378000000000103
0.003377499999999811,0.003377499999999811
0.0033775000000000333,0.0033775000000000333
0.0033769999999999634,0.0033769999999999634
0.0033765000000001155,0.0033765000000001155
0.0033769999999999634,0.0033769999999999634
0.0033760000000000456,0.0033760000000000456
0.0033764999999998935,0.0033764999999998935
0.0033754999999999757,0.0033754999999999757
0.003375500000000198,0.003375500000000198
0.0033754999999999757,0.0033754999999999757
0.003374999999999906,0.003374999999999906
0.003374999999999906,0.003374999999999906
0.003374500000000058,0.003374500000000058
0.003374500000000058,0.003374500000000058
0.003373999999999988,0.003373999999999988
0.0033734999999999182,0.0033734999999999182
0.0033735000000001403,0.0033735000000001403
0.0033734999999999182,0.0033734999999999182
0.0033730000000000704,0.0033730000000000704
0.0033725000000000005,0.0033725000000000005
0.0033725000000000005,0.0033725000000000005
0.0033725000000000005,0.0033725000000000005
0.0033714999999998607,0.0033714999999998607
0.0033720000000001527,0.0033720000000001527
0.003371000000000013,0.003371000000000013
0.0033714999999998607,0.0033714999999998607
0.003370500000000165,0.003370500000000165
0.003370499999999943,0.003370499999999943
0.003370499999999943,0.003370499999999943
0.003370000000000095,0.003370000000000095
0.0033695000000000253,0.0033695000000000253
0.003369499999999803,0.003369499999999803
0.0033695000000000253,0.0033695000000000253
0.0033685000000001075,0.0033685000000001075
0.0033689999999999554,0.0033689999999999554
0.0033680000000000376,0.0033680000000000376
0.0033680000000000376,0.0033680000000000376
0.0033680000000000376,0.0033680000000000376
0.0033674999999999677,0.0033674999999999677
0.003366999999999898,0.003366999999999898
0.00336700000000012,0.00336700000000012
0.003366499999999828,0.003366499999999828
0.00336650000000005,0.00336650000000005
0.00336599999999998,0.00336599999999998
0.0033655000000001323,0.0033655000000001323
0.0033654999999999102,0.0033654999999999102
0.0033650000000000624,0.0033650000000000624
0.0033649999999998403,0.0033649999999998403
0.0033644999999999925,0.0033644999999999925
0.0033640000000001447,0.0033640000000001447
0.0033639999999999226,0.0033639999999999226
0.0033635000000000748,0.0033635000000000748
0.002606499999999956,0.002606499999999956
0.003357999999999972,0.003357999999999972
0.0033575000000001243,0.0033575000000001243
0.0033569999999998323,0.0033569999999998323
0.0033570000000000544,0.0033570000000000544
0.0033570000000000544,0.0033570000000000544
0.0033559999999999146,0.0033559999999999146
0.0033560000000001367,0.0033560000000001367
0.0033559999999999146,0.0033559999999999146
0.0033555000000000668,0.0033555000000000668
0.003354999999999997,0.003354999999999997
0.003354499999999927,0.003354499999999927
0.003354499999999927,0.003354499999999927
0.003354000000000079,0.003354000000000079
0.0033535000000000093,0.0033535000000000093
0.0033535000000000093,0.0033535000000000093
0.0033535000000000093,0.0033535000000000093
0.0033525000000000915,0.0033525000000000915
0.0033524999999998695,0.0033524999999998695
0.0033520000000000216,0.0033520000000000216
0.0033520000000000216,0.0033520000000000216
0.0033514999999999517,0.0033514999999999517
0.003351000000000104,0.003351000000000104
0.003350999999999882,0.003350999999999882
0.003350500000000034,0.003350500000000034
0.003349999999999964,0.003349999999999964
0.003349999999999964,0.003349999999999964
0.0033495000000001163,0.0033495000000001163
0.0033490000000000464,0.0033490000000000464
0.0033490000000000464,0.0033490000000000464
0.0033484999999999765,0.0033484999999999765
0.0033479999999999066,0.0033479999999999066
0.0033479999999999066,0.0033479999999999066
0.003347000000000211,0.003347000000000211
0.0033474999999998367,0.0033474999999998367
0.003346500000000141,0.003346500000000141
0.003346499999999697,0.003346499999999697
0.003346500000000141,0.003346500000000141
0.0033455000000000013,0.0033455000000000013
0.0033455000000000013,0.0033455000000000013
0.0033449999999999314,0.0033449999999999314
0.0033449999999999314,0.0033449999999999314
0.0033440000000002357,0.0033440000000002357
0.0033439999999997916,0.0033439999999997916
0.0033440000000002357,0.0033440000000002357
0.0033434999999997217,0.0033434999999997217
0.003343000000000096,0.003343000000000096
0.003342500000000026,0.003342500000000026
0.003342500000000026,0.003342500000000026
0.003341999999999956,0.003341999999999956
0.0033414999999998862,0.0033414999999998862
0.0033415000000003303,0.0033415000000003303
0.0033409999999998163,0.0033409999999998163
0.0033405000000001905,0.0033405000000001905
0.0033399999999996766,0.0033399999999996766
0.0033400000000001207,0.0033400000000001207
0.0033395000000000508,0.0033395000000000508
0.003338999999999981,0.003338999999999981
0.003338999999999981,0.003338999999999981
0.003338499999999911,0.003338499999999911
0.003338000000000285,0.003338000000000285
0.003337499999999771,0.003337499999999771
0.0033375000000002153,0.0033375000000002153
0.0033369999999997013,0.0033369999999997013
0.0033365000000000755,0.0033365000000000755
0.0033360000000000056,0.0033360000000000056
0.0033360000000000056,0.0033360000000000056
0.0033354999999999357,0.0033354999999999357
0.00333500000000031,0.00333500000000031
0.003334999999999866,0.003334999999999866
0.00333400000000017,0.00333400000000017
0.003333999999999726,0.003333999999999726
0.0033335000000001003,0.0033335000000001003
0.0033335000000001003,0.0033335000000001003
0.0033330000000000304,0.0033330000000000304
0.0033324999999999605,0.0033324999999999605
0.0033319999999998906,0.0033319999999998906
0.0033314999999998207,0.0033314999999998207
0.003331500000000265,0.003331500000000265
0.003330999999999751,0.003330999999999751
0.003330500000000125,0.003330500000000125
0.003330000000000055,0.003330000000000055
0.003330000000000055,0.003330000000000055
0.0033289999999999154,0.0033289999999999154
0.0033289999999999154,0.0033289999999999154
0.0033289999999999154,0.0033289999999999154
0.0033280000000002197,0.0033280000000002197
0.0033279999999997756,0.0033279999999997756
0.0033275000000001498,0.0033275000000001498
0.00332700000000008,0.00332700000000008
0.00332650000000001,0.00332650000000001
0.00332599999999994,0.00332599999999994
0.00332599999999994,0.00332599999999994
0.0033254999999998702,0.0033254999999998702
0.0033250000000002444,0.0033250000000002444
0.0033245000000001745,0.0033245000000001745
0.0033244999999997304,0.0033244999999997304
0.0033235000000000348,0.0033235000000000348
0.0033235000000000348,0.0033235000000000348
0.003322999999999965,0.003322999999999965
0.003322999999999965,0.003322999999999965
0.003322000000000269,0.003322000000000269
0.003321499999999755,0.003321499999999755
0.0033215000000001993,0.0033215000000001993
0.0033209999999996853,0.0033209999999996853
0.0033205000000000595,0.0033205000000000595
0.0033199999999999896,0.0033199999999999896
0.0033199999999999896,0.0033199999999999896
0.003319000000000294,0.003319000000000294
0.00331899999999985,0.00331899999999985
0.00331849999999978,0.00331849999999978
0.003318000000000154,0.003318000000000154
0.0033175000000000843,0.0033175000000000843
0.0033170000000000144,0.0033170000000000144
0.0033164999999999445,0.0033164999999999445
0.0033164999999999445,0.0033164999999999445
0.0033159999999998746,0.0033159999999998746
0.003315500000000249,0.003315500000000249
0.003314999999999735,0.003314999999999735
0.003314500000000109,0.003314500000000109
0.003314000000000039,0.003314000000000039
0.0033134999999999692,0.0033134999999999692
0.0033134999999999692,0.0033134999999999692
0.0033125000000002736,0.0033125000000002736
0.0033124999999998295,0.0033124999999998295
0.0033120000000002037,0.0033120000000002037
0.0033114999999996897,0.0033114999999996897
0.003310499999999994,0.003310499999999994
0.003311000000000064,0.003311000000000064
0.003309999999999924,0.003309999999999924
0.0033095000000002983,0.0033095000000002983
0.0033089999999997843,0.0033089999999997843
0.0033090000000002284,0.0033090000000002284
0.0033079999999996446,0.0033079999999996446
0.0033080000000000886,0.0033080000000000886
0.0033075000000000188,0.0033075000000000188
0.003306499999999879,0.003306499999999879
0.003306500000000323,0.003306500000000323
0.003305999999999809,0.003305999999999809
0.0033055000000001833,0.0033055000000001833
0.0033049999999996693,0.0033049999999996693
0.0033045000000000435,0.0033045000000000435
0.0033039999999999736,0.0033039999999999736
0.003303500000000348,0.003303500000000348
0.003302999999999834,0.003302999999999834
0.003302999999999834,0.003302999999999834
0.003302000000000138,0.003302000000000138
0.0033015000000000683,0.0033015000000000683
0.0032969999999998834,0.0032969999999998834
0.0032925000000001425,0.0032925000000001425
0.0032964999999998135,0.0032964999999998135
0.003299500000000233,0.003299500000000233
0.0032994999999997887,0.0032994999999997887
0.003298500000000093,0.003298500000000093
0.003298500000000093,0.003298500000000093
0.0032974999999999532,0.0032974999999999532
0.003290999999999933,0.003290999999999933
0.0032885000000000275,0.0032885000000000275
0.003294499999999978,0.003294499999999978
0.0032960000000001877,0.0032960000000001877
0.0032954999999996737,0.0032954999999996737
0.003294499999999978,0.003294499999999978
0.003294000000000352,0.003294000000000352
0.0032889999999996533,0.0032889999999996533
0.0032849999999999824,0.0032849999999999824
0.0032895000000001673,0.0032895000000001673
0.0032920000000000726,0.0032920000000000726
0.0032915000000000028,0.0032915000000000028
0.0032915000000000028,0.0032915000000000028
0.003290499999999863,0.003290499999999863
0.0032840000000002867,0.0032840000000002867
0.0032814999999999372,0.0032814999999999372
0.003286499999999748,0.003286499999999748
0.0032885000000000275,0.0032885000000000275
0.0032874999999998877,0.0032874999999998877
0.003287500000000332,0.003287500000000332
0.003286999999999818,0.003286999999999818
0.003277999999999892,0.003277999999999892
0.0032775000000002663,0.0032775000000002663
0.0032849999999999824,0.0032849999999999824
0.0032844999999999125,0.0032844999999999125
0.0032839999999998426,0.0032839999999998426
0.003283500000000217,0.003283500000000217
0.0032769999999997523,0.0032769999999997523
0.003274500000000291,0.003274500000000291
0.003279000000000032,0.003279000000000032
0.0032814999999999372,0.0032814999999999372
0.0032804999999997975,0.0032804999999997975
0.0032800000000001717,0.0032800000000001717
0.002787500000000165,0.002787500000000165
0.0033764999999998935,0.0033764999999998935
0.0033769999999999634,0.0033769999999999634
0.0033764999999998935,0.0033764999999998935
0.0033764999999998935,0.0033764999999998935
0.0033765000000003376,0.0033765000000003376
0.0033769999999999634,0.0033769999999999634
0.0033764999999998935,0.0033764999999998935
0.0033764999999998935,0.0033764999999998935
0.0033764999999998935,0.0033764999999998935
0.0033769999999999634,0.0033769999999999634
0.0033765000000003376,0.0033765000000003376
0.0033764999999998935,0.0033764999999998935
0.0033769999999999634,0.0033769999999999634
