central_wavelength,transit_depth
2.762926619342213,0.022255678224167377
2.769715119324037,0.02196932329901189
2.7765033565971162,0.02249129212900079
2.7833501600084984,0.022437368277708272
2.7904772664866844,0.022221453912970025
2.797604071059503,0.02243183858719516
2.8043912206839403,0.022274353742855732
2.8111780901860417,0.021923107008135264
2.8179646762312265,0.022170175635106603
2.82475097550672,0.022310836677174886
2.8315369847214455,0.022213323038059146
2.838322700605879,0.022468345572493012
2.8455064338986236,0.02214586232446641
2.8526308113058363,0.0221597736701772
2.859415622082918,0.022034501157185412
2.864504029536947,0.022198532571473514
2.869592262436239,0.02222233704148852
2.8763763008605405,0.021988393055179627
2.88316002484724,0.022079257087534117
2.889943431286291,0.0221219629416252
2.8967265170880045,0.02212370125221783
2.903509279182923,0.022226378202659384
2.9103509877122935,0.022332717946441538
2.917133117522442,0.021684942969148437
2.9239149144801537,0.02180950122484032
2.930696375595694,0.02181819172702894
2.9374774978988443,0.021867819672822024
2.9442582784387517,0.021821559099635592
2.951038714283774,0.02193873668165533
2.957818802521375,0.021989019255680788
2.9645985402579615,0.021893894634632868
2.971377924618711,0.021901626218543174
2.978216453884817,0.021710559738926254
2.9849951466321123,0.02143956025942979
2.9917734774362095,0.021695876553815444
2.998551443496333,0.02172155549102738
3.005329042029781,0.021939411469448115
3.0121062702718087,0.02179228144332515
3.01888312547543,0.021725319776166867
3.0256596049113105,0.021613216390169845
3.032435705867603,0.021568033716116226
3.039211425649823,0.021637332653208646
3.0459867615806715,0.02173036577931021
3.0528214575673447,0.021957775791646317
3.0595960409281107,0.021521473174425144
3.0663702324562614,0.021707045423253832
3.0731440295421324,0.02149802393753083
3.079917429592515,0.02177204322603658
3.0866904300305262,0.02170845351261523
3.093463028295444,0.021734336428561575
3.1002352218425786,0.021314186218022953
3.10700700814308,0.021470910080783657
3.113778384683845,0.021538683666401263
3.120549348967342,0.021723844222980456
3.1273198985114408,0.02135925018824823
3.1340900308493023,0.02147490575519391
3.140919774114928,0.021469122697209103
3.1476890871452046,0.02127671091914744
3.1544579756116082,0.021624671552371386
3.1612264371071586,0.021680626175677654
3.167994469239427,0.02151020504424486
3.1747620696303276,0.02191016536563319
3.1815292359159897,0.021277077189112193
3.1882959657466055,0.021268686740908708
3.1950622567862856,0.021322910856330955
3.2018281067128953,0.021639586527612897
3.2085935132179095,0.021356462059965917
3.215358474006261,0.021635986236116376
3.222122986796183,0.021350480434573826
3.2288870493190336,0.021356598844113527
3.2353124901695853,0.021332665412053586
3.241797867334962,0.021551575291955113
3.2485606331367416,0.021503468262937187
3.25532293990394,0.021289812901863554
3.262084785430484,0.021439878888140345
3.268846167522483,0.02148678677592917
3.275607083998201,0.021242794123783503
3.28236753268777,0.021562583923531303
3.2891275114331453,0.02168690110095228
3.2962249815828573,0.021457237574501995
3.3033219275957384,0.021223226385726286
3.3100804359243936,0.021212688645508015
3.316838465580703,0.021766395322832685
3.3235960144642753,0.021344960746449135
3.3303530804855566,0.021299378081145178
3.3371096615656723,0.021377970524759475
3.3438657556362763,0.021438866073666886
3.3506213606393893,0.021482183724405666
3.3573764745272454,0.021291612991484618
3.3637933765879726,0.021419281177502476
3.370270572205022,0.021518706846569466
3.3770242713669862,0.02119686892423702
3.3837774714853674,0.021315748473614806
3.390530170560508,0.0212639159285207
3.397282366601991,0.021661773712448967
3.4040340576286225,0.021415852077491363
3.4107852416680835,0.021368352677884648
3.4175359167569814,0.021495876244810135
3.424286080940485,0.021506201053032203
3.431035732272347,0.021447600120204066
3.4377848688146564,0.021376686053473683
3.4445334886376564,0.021323826781512817
3.451281589819651,0.02112100923380036
3.4580291704468418,0.021603610587679418
3.4647762286131343,0.021257865080533157
3.4715227624199985,0.021635581946513438
3.4782687699763115,0.0213606166815514
3.485014249398203,0.021353457725654477
3.491759198808896,0.021353228459028446
3.4985036163385512,0.021486530144051615
3.5052475001240975,0.02132909623350853
3.5119908483090736,0.021529401095241943
3.518733659043514,0.021233235548808765
3.5254759304837613,0.02168417457346321
3.532217660792245,0.02143232851250437
3.538958848137444,0.021352681028339707
3.5456994906936656,0.021582758424601223
3.552439586640837,0.021256260342671068
3.559179134164481,0.021253565581444464
3.5659794552424877,0.021423765024545363
3.5727179205484174,0.021489450329983173
3.5794558319912944,0.021421727753160105
3.5861931877774507,0.02138415563522187
3.592929986117908,0.021369926045194384
3.5996662252282507,0.021758700096771083
3.6064019033284698,0.02107732222851671
3.6131370186428278,0.02146596992259635
3.6198715693996846,0.021506400987823242
3.626605553831343,0.021169582082038698
3.6333389701738774,0.021123782540333567
3.6400718166669863,0.02104896818910598
3.6468040915538475,0.020978759626279174
3.6535357930809527,0.02106589834636775
3.6602669194979445,0.021146693315018134
3.666997469057449,0.021141673637403945
3.673727440014898,0.021123780637925225
3.6804568306285033,0.021129544686689962
3.6871856391589026,0.02123877601496503
3.693913863869147,0.02121222597615221
3.7006415030244932,0.02097484020955201
3.7073685548922457,0.021170095999544808
3.713422398011769,0.021116955823319287
3.8332033149829083,0.02103996164688346
3.8399184397129633,0.021221214332666744
3.8466329414489495,0.021207100336267694
3.853346818464278,0.02108442255062002
3.860060069030796,0.021004535694497055
3.8667726914187264,0.02097466111410426
3.873484683896538,0.02095307121098749
3.8801960447307025,0.021311640390678142
3.8869067721855703,0.021101570802694612
3.893616864523304,0.0211219266920342
3.9003263200036167,0.020928572157043236
3.9070351368836573,0.021161343447106067
3.91374331341786,0.021203154916272383
3.9204508478577886,0.020811825516826494
3.927095375921297,0.020899676729171958
3.9338016018957327,0.020940709532125606
3.940507180522645,0.021123814347124906
3.947212110040308,0.02130088720516461
3.9539163886833633,0.021098372446932478
3.960620014682654,0.021198257783138504
3.9673229862650645,0.021453449752884594
3.974025301653487,0.02117778236758291
3.9807269590664722,0.021063502724943176
3.98742795671825,0.021325627038688184
3.9941282928184814,0.021326279927981966
4.0008279655721655,0.02142479767947416
4.007526973179408,0.02132367088626677
4.014225313835415,0.021587958616472037
4.020922985730168,0.021161306062997286
4.027619987048384,0.021447543217986118
4.034316315969384,0.021346293923425578
4.041011970666867,0.021339103077795712
4.047706949308796,0.02131451999378937
4.054401250057255,0.02157375850722534
4.0610948710682955,0.021298468287547688
4.06778781049179,0.02111662206033885
4.074480066471287,0.021268839676005
4.081171637143856,0.021630354873664433
4.087862520639952,0.021543635591845137
4.094552715083255,0.0214980820934933
4.1012422185905155,0.021616708562653207
4.107931029271418,0.021346056425113547
4.114619145228491,0.021402973431299387
4.12130656455685,0.02138740158486898
4.127993285344116,0.020934501380491684
4.1346793056703195,0.021298982896731388
4.14136462360761,0.021299161780702573
4.148049237220295,0.021350783038290463
4.154670125830618,0.021248706652682855
4.161353306130532,0.021032962758477585
4.168035776250719,0.021159506169825423
4.174717534222005,0.021242470894507096
4.181398578066567,0.02121252239659031
4.188078905797769,0.021246788460200238
4.194758515420038,0.02120374897335653
4.201437404928721,0.021485158300258426
4.208115572309945,0.021571519731476252
4.214793015540474,0.02170401307883303
4.22146973258757,0.021588069585565008
4.2281457214088505,0.021722811415429647
4.234820979952147,0.022170565894735834
4.24149550615536,0.022186774077571133
4.248169297946314,0.022050165651980945
4.254842353242639,0.021956493971580535
4.261514669951648,0.022409949328251813
4.268186245970108,0.022863759697449106
4.27519060223957,0.02241560802770207
4.2821307428690725,0.022328883961511253
4.288799990409103,0.022404337676909268
4.295468488519203,0.02271253584980413
4.302136235040349,0.02232055231392657
4.308803227802149,0.022483783220182477
4.315469464622768,0.02251389446456649
4.322134943308807,0.022583617559394236
4.3287996616551165,0.02281007568004895
4.335463617444681,0.022808601802798124
4.342126808448492,0.022594122359110128
4.348789232425416,0.022617312987267425
4.355450887122057,0.022668016714739524
4.362111770272606,0.022619195881635933
4.368771879598741,0.022734755088649684
4.375431212809475,0.02234109569952752
4.382026077681925,0.02259387999645402
4.38868383279009,0.0223437414375796
4.395340804825276,0.022374182123655526
4.401996991444296,0.022534535701168347
4.40865239029065,0.022237853080529273
4.415306998994369,0.022595656716530684
4.421960815171934,0.022565993761280368
4.428613836426093,0.022478090127112483
4.435266060345782,0.022462007946081917
4.44191748450596,0.02246600749807595
4.448568106467481,0.022232910558227608
4.455217923777019,0.021879071438800968
4.461834967426901,0.022262844308826087
4.468451183368531,0.022194016200233112
4.475098552788889,0.022324379143603926
4.4817451075890204,0.02226208373359882
4.488390845242376,0.021828579074736686
4.495035763207442,0.021788720577232155
4.501679858927604,0.021847783407700154
4.508323129831033,0.02183329546450778
4.514965573330535,0.02197830246707401
4.521607186823497,0.021481336058520515
4.528247967691662,0.02171284566107475
4.534887913301109,0.021571423444789024
4.541462845044556,0.02157469845457143
4.548101092970443,0.02184110121755086
4.5547384976280085,0.02204961734721308
4.56137505631909,0.021913147536725488
4.56801076632919,0.022106668834657152
4.574645624927413,0.02200580555704347
4.581279629366286,0.02154781190301053
4.587912776881685,0.021724143929201023
4.594545064692714,0.02137465191284538
4.6011764900015715,0.02122444165422374
4.607742666935078,0.021363508574153825
4.614372339436373,0.021277412586111554
4.621001140925406,0.021301983087415398
4.627629068535454,0.021761756792046165
4.634256119382307,0.021553545945927073
4.640882290564191,0.021412312120523726
4.647507579161612,0.021937338934849688
4.6541319822372795,0.021560385935847887
4.660755496835983,0.021276636163398192
4.667378119984449,0.02153157301530209
4.6739352569512835,0.0221092225198249
4.680556068707058,0.021016552119100116
4.687175979967739,0.021441460603397064
4.693794987686672,0.021402815125005883
4.700413088798599,0.021633546913077003
4.707030280219627,0.02177836807512752
4.7136465588469925,0.02163076047721903
4.720261921559066,0.021623752649193913
4.726843983288608,0.021616829888819362
4.733425104144535,0.021177513407749097
4.740037680533863,0.021472594440939945
4.746649328313074,0.02153906214324039
4.753260044264281,0.021172048172060816
4.759869825150062,0.02129917974594604
4.766478667713355,0.021095850687273297
4.773086568677353,0.021496966199766383
4.779693524745433,0.02160651405506918
4.786234577586049,0.021235967420810454
4.792839614086228,0.021607524461506693
4.799443695662296,0.02140284003000801
4.806046818937153,0.021593651960283445
4.812648980513291,0.021725876642763337
4.819250176972821,0.021810010815511944
4.82585040487724,0.021499499803221734
4.832449660767512,0.02167574348221505
4.838982812345224,0.02150528170482269
4.8455800937828375,0.02161307578478211
4.852176392685143,0.02137151614308982
4.858771705509443,0.021857166653668866
4.865366028691934,0.021545956091916084
4.87195935864762,0.02119424488187429
4.878551691770205,0.021354744794644456
4.885077740559545,0.021859545581320403
4.891668049002495,0.0213051037131127
4.898257349644936,0.021572064274686695
4.904845638794402,0.021475466218921182
4.9114329127366805,0.021485974430994013
4.918019167735655,0.021643691209655088
4.924604400033369,0.02185457577903165
4.931123165832446,0.021740066520841216
4.937706321107099,0.02127684645999866
4.944288442253684,0.0212030758844515
4.950869525425493,0.021439268723035886
4.957449566753572,0.02173155425432656
4.964028562346483,0.02173718450585136
4.9706065082902615,0.021786323110206538
4.977446620558013,0.021709719897298977
4.9843511408877905,0.021226047640593413
4.9909257873665185,0.021266388996811804
4.997499367890618,0.02094626892432124
5.004071878429917,0.02136774819871986
5.010314770024787,0.02109773302600067
5.016885182419789,0.021738581794284208
5.023717191742637,0.02183078124512534
5.030285361009009,0.021500391956573564
5.036852439771534,0.021189105201074247
5.043418423860631,0.021066298716082666
5.04998330908338,0.021008481133023164
5.056547091223148,0.02136192545829164
5.063043869408637,0.021681124518673805
5.069605411930576,0.02113469588042824
5.076165838556254,0.02157370407369101
5.082069264865048,0.021459143196835864
5.087971780646118,0.020771147794412335
5.0948568954300475,0.02110417717147079
5.101674724351511,0.020981648396754593
5.108229599467359,0.021227184677604646
5.115110990934003,0.021024261684195463
5.121991115650104,0.02137643928531276
5.128542436959754,0.02100653583702911
5.1354200820013975,0.02160633977145962
5.142230265724734,0.02179669363456907
5.148777968948034,0.021227530202240566
5.155651799794231,0.020786245569894696
5.16252433274203,0.020907029135172284
5.169068394775586,0.02105804661271257
